"","SampleID","OrganismCode","ForkLength","TotalLength","Weight","Sex","Spawning.Condition","MarkCode","Race","StageCode","Dead","CWTSample","Genetic.Sample","Direct.Take","Indirect.Take","FishTagID","Count","Plus.Count","FishIDComments","SalmGenRowID","GeneticID1","Prob1","GeneticID2","Prob2","SalmComments","SmeltGenRowID","GeneticID","numChrom","V.shape","SmeltComments","qDS","qLFS","qWAG","GenotypeRun"
"1",6726,"CHN",42,NA,0.2426,"","","None","F","n/p","No",FALSE,TRUE,FALSE,TRUE,"2016Ad_minus-F_001",1,FALSE,"",NA,NA,NA,NA,NA,NA,NA,NA,NA,NA,NA,NA,NA,NA,NA
"2",6814,"CHN",54,NA,1.71,"","","A","F","n/p","No",TRUE,TRUE,TRUE,FALSE,"2016Ad_minus-F_006",1,FALSE,"",NA,NA,NA,NA,NA,NA,NA,NA,NA,NA,NA,NA,NA,NA,NA
"3",6814,"CHN",56,NA,1.95,"","","A","F","n/p","No",TRUE,TRUE,TRUE,FALSE,"2016Ad_minus-F_007",1,FALSE,"",NA,NA,NA,NA,NA,NA,NA,NA,NA,NA,NA,NA,NA,NA,NA
"4",6814,"CHN",57,NA,1.82,"","","A","F","n/p","No",FALSE,TRUE,TRUE,FALSE,"2016Ad_minus-F_008",1,FALSE,"",NA,NA,NA,NA,NA,NA,NA,NA,NA,NA,NA,NA,NA,NA,NA
"5",6814,"CHN",55,NA,1.72,"","","A","F","n/p","No",FALSE,TRUE,TRUE,FALSE,"2016Ad_minus-F_009",1,FALSE,"",NA,NA,NA,NA,NA,NA,NA,NA,NA,NA,NA,NA,NA,NA,NA
"6",6814,"CHN",53,NA,1.54,"","","A","F","n/p","No",FALSE,TRUE,TRUE,FALSE,"2016Ad_minus-F_010",1,FALSE,"",NA,NA,NA,NA,NA,NA,NA,NA,NA,NA,NA,NA,NA,NA,NA
"7",6814,"CHN",53,NA,1.47,"","","A","F","n/p","No",TRUE,TRUE,TRUE,FALSE,"2016Ad_minus-F_011",1,FALSE,"",NA,NA,NA,NA,NA,NA,NA,NA,NA,NA,NA,NA,NA,NA,NA
"8",6814,"CHN",58,NA,1.89,"","","A","F","n/p","No",FALSE,TRUE,TRUE,FALSE,"2016Ad_minus-F_012",1,FALSE,"",NA,NA,NA,NA,NA,NA,NA,NA,NA,NA,NA,NA,NA,NA,NA
"9",6814,"CHN",62,NA,2.08,"","","A","F","n/p","No",TRUE,TRUE,TRUE,FALSE,"2016Ad_minus-F_013",1,FALSE,"",NA,NA,NA,NA,NA,NA,NA,NA,NA,NA,NA,NA,NA,NA,NA
"10",6814,"CHN",58,NA,1.89,"","","A","F","n/p","No",TRUE,TRUE,TRUE,FALSE,"2016Ad_minus-F_014",1,FALSE,"",NA,NA,NA,NA,NA,NA,NA,NA,NA,NA,NA,NA,NA,NA,NA
"11",6814,"CHN",55,NA,1.59,"","","A","F","n/p","No",TRUE,TRUE,FALSE,TRUE,"2016Ad_minus-F_015",1,FALSE,"",NA,NA,NA,NA,NA,NA,NA,NA,NA,NA,NA,NA,NA,NA,NA
"12",6814,"CHN",54,NA,2.31,"","","A","F","n/p","No",TRUE,TRUE,FALSE,TRUE,"2016Ad_minus-F_016",1,FALSE,"",NA,NA,NA,NA,NA,NA,NA,NA,NA,NA,NA,NA,NA,NA,NA
"13",6814,"CHN",54,NA,2.24,"","","A","F","n/p","No",TRUE,TRUE,FALSE,TRUE,"2016Ad_minus-F_017",1,FALSE,"",NA,NA,NA,NA,NA,NA,NA,NA,NA,NA,NA,NA,NA,NA,NA
"14",6814,"CHN",53,NA,1.8,"","","A","F","n/p","No",TRUE,TRUE,FALSE,TRUE,"2016Ad_minus-F_018",1,FALSE,"",NA,NA,NA,NA,NA,NA,NA,NA,NA,NA,NA,NA,NA,NA,NA
"15",6814,"CHN",59,NA,2.37,"","","A","F","n/p","No",TRUE,TRUE,FALSE,TRUE,"2016Ad_minus-F_019",1,FALSE,"",NA,NA,NA,NA,NA,NA,NA,NA,NA,NA,NA,NA,NA,NA,NA
"16",6814,"CHN",56,NA,2.2,"","","A","F","n/p","No",TRUE,TRUE,FALSE,TRUE,"2016Ad_minus-F_020",1,FALSE,"",NA,NA,NA,NA,NA,NA,NA,NA,NA,NA,NA,NA,NA,NA,NA
"17",6814,"CHN",54,NA,2.11,"","","A","F","n/p","No",TRUE,TRUE,FALSE,TRUE,"2016Ad_minus-F_021",1,FALSE,"",NA,NA,NA,NA,NA,NA,NA,NA,NA,NA,NA,NA,NA,NA,NA
"18",6814,"CHN",56,NA,1.82,"","","A","F","n/p","No",TRUE,TRUE,FALSE,TRUE,"2016Ad_minus-F_022",1,FALSE,"",NA,NA,NA,NA,NA,NA,NA,NA,NA,NA,NA,NA,NA,NA,NA
"19",6814,"CHN",57,NA,2.11,"","","A","F","n/p","No",TRUE,TRUE,FALSE,TRUE,"2016Ad_minus-F_023",1,FALSE,"",NA,NA,NA,NA,NA,NA,NA,NA,NA,NA,NA,NA,NA,NA,NA
"20",6814,"CHN",57,NA,1.98,"","","A","F","n/p","No",TRUE,TRUE,FALSE,TRUE,"2016Ad_minus-F_024",1,FALSE,"",NA,NA,NA,NA,NA,NA,NA,NA,NA,NA,NA,NA,NA,NA,NA
"21",6814,"CHN",54,NA,1.97,"","","A","F","n/p","No",TRUE,TRUE,FALSE,TRUE,"2016Ad_minus-F_025",1,FALSE,"",NA,NA,NA,NA,NA,NA,NA,NA,NA,NA,NA,NA,NA,NA,NA
"22",6814,"CHN",57,NA,2.11,"","","A","F","n/p","No",FALSE,TRUE,FALSE,TRUE,"2016Ad_minus-F_026",1,FALSE,"",NA,NA,NA,NA,NA,NA,NA,NA,NA,NA,NA,NA,NA,NA,NA
"23",6814,"CHN",56,NA,1.91,"","","A","F","n/p","No",TRUE,TRUE,FALSE,TRUE,"2016Ad_minus-F_027",1,FALSE,"",NA,NA,NA,NA,NA,NA,NA,NA,NA,NA,NA,NA,NA,NA,NA
"24",6814,"CHN",57,NA,2.08,"","","A","F","n/p","No",TRUE,TRUE,FALSE,TRUE,"2016Ad_minus-F_028",1,FALSE,"",NA,NA,NA,NA,NA,NA,NA,NA,NA,NA,NA,NA,NA,NA,NA
"25",6814,"CHN",52,NA,1.67,"","","A","F","n/p","No",TRUE,TRUE,FALSE,TRUE,"2016Ad_minus-F_029",1,FALSE,"",NA,NA,NA,NA,NA,NA,NA,NA,NA,NA,NA,NA,NA,NA,NA
"26",6814,"CHN",53,NA,1.77,"","","A","F","n/p","No",TRUE,TRUE,FALSE,TRUE,"2016Ad_minus-F_030",1,FALSE,"",NA,NA,NA,NA,NA,NA,NA,NA,NA,NA,NA,NA,NA,NA,NA
"27",6814,"CHN",58,NA,2.34,"","","A","F","n/p","No",TRUE,TRUE,FALSE,TRUE,"2016Ad_minus-F_031",1,FALSE,"",NA,NA,NA,NA,NA,NA,NA,NA,NA,NA,NA,NA,NA,NA,NA
"28",6814,"CHN",55,NA,1.95,"","","A","F","n/p","No",TRUE,TRUE,FALSE,TRUE,"2016Ad_minus-F_032",1,FALSE,"",NA,NA,NA,NA,NA,NA,NA,NA,NA,NA,NA,NA,NA,NA,NA
"29",6814,"CHN",54,NA,1.74,"","","A","F","n/p","No",TRUE,TRUE,FALSE,TRUE,"2016Ad_minus-F_033",1,FALSE,"",NA,NA,NA,NA,NA,NA,NA,NA,NA,NA,NA,NA,NA,NA,NA
"30",6814,"CHN",58,NA,2.16,"","","A","F","n/p","No",TRUE,TRUE,FALSE,TRUE,"2016Ad_minus-F_034",1,FALSE,"",NA,NA,NA,NA,NA,NA,NA,NA,NA,NA,NA,NA,NA,NA,NA
"31",6814,"CHN",51,NA,1.51,"","","A","F","n/p","No",TRUE,TRUE,FALSE,TRUE,"2016Ad_minus-F_035",1,FALSE,"",NA,NA,NA,NA,NA,NA,NA,NA,NA,NA,NA,NA,NA,NA,NA
"32",6814,"CHN",57,NA,1.99,"","","A","F","n/p","No",TRUE,TRUE,FALSE,TRUE,"2016Ad_minus-F_036",1,FALSE,"",NA,NA,NA,NA,NA,NA,NA,NA,NA,NA,NA,NA,NA,NA,NA
"33",6814,"CHN",55,NA,1.98,"","","A","F","n/p","No",TRUE,TRUE,FALSE,TRUE,"2016Ad_minus-F_037",1,FALSE,"",NA,NA,NA,NA,NA,NA,NA,NA,NA,NA,NA,NA,NA,NA,NA
"34",6814,"CHN",52,NA,1.7,"","","A","F","n/p","No",TRUE,TRUE,FALSE,TRUE,"2016Ad_minus-F_038",1,FALSE,"",NA,NA,NA,NA,NA,NA,NA,NA,NA,NA,NA,NA,NA,NA,NA
"35",6814,"CHN",56,NA,1.8,"","","A","F","n/p","No",TRUE,TRUE,FALSE,TRUE,"2016Ad_minus-F_039",1,FALSE,"",NA,NA,NA,NA,NA,NA,NA,NA,NA,NA,NA,NA,NA,NA,NA
"36",6814,"CHN",57,NA,1.93,"","","A","F","n/p","No",TRUE,TRUE,FALSE,TRUE,"2016Ad_minus-F_040",1,FALSE,"",NA,NA,NA,NA,NA,NA,NA,NA,NA,NA,NA,NA,NA,NA,NA
"37",6814,"CHN",54,NA,1.85,"","","A","F","n/p","No",TRUE,TRUE,FALSE,TRUE,"2016Ad_minus-F_041",1,FALSE,"",NA,NA,NA,NA,NA,NA,NA,NA,NA,NA,NA,NA,NA,NA,NA
"38",6814,"CHN",57,NA,1.94,"","","A","F","n/p","No",TRUE,TRUE,FALSE,TRUE,"2016Ad_minus-F_042",1,FALSE,"",NA,NA,NA,NA,NA,NA,NA,NA,NA,NA,NA,NA,NA,NA,NA
"39",6814,"CHN",53,NA,1.95,"","","A","F","n/p","No",TRUE,TRUE,FALSE,TRUE,"2016Ad_minus-F_043",1,FALSE,"",NA,NA,NA,NA,NA,NA,NA,NA,NA,NA,NA,NA,NA,NA,NA
"40",6814,"CHN",52,NA,1.57,"","","A","F","n/p","No",TRUE,TRUE,FALSE,TRUE,"2016Ad_minus-F_044",1,FALSE,"",NA,NA,NA,NA,NA,NA,NA,NA,NA,NA,NA,NA,NA,NA,NA
"41",6814,"CHN",48,NA,1.18,"","","A","F","n/p","No",TRUE,TRUE,FALSE,TRUE,"2016Ad_minus-F_045",1,FALSE,"",NA,NA,NA,NA,NA,NA,NA,NA,NA,NA,NA,NA,NA,NA,NA
"42",6814,"CHN",53,NA,1.77,"","","A","F","n/p","No",TRUE,TRUE,FALSE,TRUE,"2016Ad_minus-F_046",1,FALSE,"",NA,NA,NA,NA,NA,NA,NA,NA,NA,NA,NA,NA,NA,NA,NA
"43",6814,"CHN",55,NA,1.87,"","","A","F","n/p","No",TRUE,TRUE,FALSE,TRUE,"2016Ad_minus-F_047",1,FALSE,"",NA,NA,NA,NA,NA,NA,NA,NA,NA,NA,NA,NA,NA,NA,NA
"44",6814,"CHN",59,NA,2.46,"","","A","F","n/p","No",TRUE,TRUE,FALSE,TRUE,"2016Ad_minus-F_048",1,FALSE,"",NA,NA,NA,NA,NA,NA,NA,NA,NA,NA,NA,NA,NA,NA,NA
"45",6814,"CHN",57,NA,2.04,"","","A","F","n/p","No",TRUE,TRUE,FALSE,TRUE,"2016Ad_minus-F_049",1,FALSE,"",NA,NA,NA,NA,NA,NA,NA,NA,NA,NA,NA,NA,NA,NA,NA
"46",6814,"CHN",55,NA,1.89,"","","A","F","n/p","No",TRUE,TRUE,FALSE,TRUE,"2016Ad_minus-F_050",1,FALSE,"",NA,NA,NA,NA,NA,NA,NA,NA,NA,NA,NA,NA,NA,NA,NA
"47",6814,"CHN",53,NA,1.84,"","","A","F","n/p","No",TRUE,TRUE,FALSE,TRUE,"2016Ad_minus-F_051",1,FALSE,"",NA,NA,NA,NA,NA,NA,NA,NA,NA,NA,NA,NA,NA,NA,NA
"48",6814,"CHN",53,NA,1.7,"","","A","F","n/p","No",TRUE,TRUE,FALSE,TRUE,"2016Ad_minus-F_052",1,FALSE,"",NA,NA,NA,NA,NA,NA,NA,NA,NA,NA,NA,NA,NA,NA,NA
"49",6814,"CHN",58,NA,2.22,"","","A","F","n/p","No",TRUE,TRUE,FALSE,TRUE,"2016Ad_minus-F_053",1,FALSE,"",NA,NA,NA,NA,NA,NA,NA,NA,NA,NA,NA,NA,NA,NA,NA
"50",6814,"CHN",52,NA,1.6,"","","A","F","n/p","No",TRUE,TRUE,FALSE,TRUE,"2016Ad_minus-F_054",1,FALSE,"",NA,NA,NA,NA,NA,NA,NA,NA,NA,NA,NA,NA,NA,NA,NA
"51",6814,"CHN",51,NA,1.46,"","","A","F","n/p","No",TRUE,TRUE,FALSE,TRUE,"2016Ad_minus-F_055",1,FALSE,"",NA,NA,NA,NA,NA,NA,NA,NA,NA,NA,NA,NA,NA,NA,NA
"52",6814,"CHN",57,NA,2.39,"","","A","F","n/p","No",TRUE,TRUE,FALSE,TRUE,"2016Ad_minus-F_056",1,FALSE,"",NA,NA,NA,NA,NA,NA,NA,NA,NA,NA,NA,NA,NA,NA,NA
"53",6814,"CHN",55,NA,1.82,"","","A","F","n/p","No",TRUE,TRUE,FALSE,TRUE,"2016Ad_minus-F_057",1,FALSE,"",NA,NA,NA,NA,NA,NA,NA,NA,NA,NA,NA,NA,NA,NA,NA
"54",6811,"CHN",58,NA,1.99,"","","A","F","n/p","No",TRUE,TRUE,FALSE,TRUE,"2016Ad_minus-F_058",1,FALSE,"f-058",NA,NA,NA,NA,NA,NA,NA,NA,NA,NA,NA,NA,NA,NA,NA
"55",6902,"CHN",85,NA,8.02,"","","A","S","n/p","No",TRUE,TRUE,TRUE,FALSE,"2016Ad_minus-S_003",1,FALSE,"",NA,NA,NA,NA,NA,NA,NA,NA,NA,NA,NA,NA,NA,NA,NA
"56",6875,"CHN",108,NA,14.35,"","","A","W","n/p","No",TRUE,TRUE,TRUE,FALSE,"2016Ad_minus-W_003",1,FALSE,"",NA,NA,NA,NA,NA,NA,NA,NA,NA,NA,NA,NA,NA,NA,NA
"57",6909,"CHN",114,NA,17.97,"","","A","W","n/p","No",TRUE,TRUE,FALSE,FALSE,"2016Ad_minus-W_004",1,FALSE,"",NA,NA,NA,NA,NA,NA,NA,NA,NA,NA,NA,NA,NA,NA,NA
"58",7249,"CHN",34,NA,0.33,"","","None","F","n/p","No",FALSE,TRUE,FALSE,FALSE,"2016Ad_plus-F_240",1,FALSE,"",NA,NA,NA,NA,NA,NA,NA,NA,NA,NA,NA,NA,NA,NA,NA
"59",7531,"CHN",80,NA,5.43,"","","A","F","n/p","No",FALSE,TRUE,TRUE,FALSE,"2017Ad_minus-F_001",1,FALSE,"smolt?",NA,NA,NA,NA,NA,NA,NA,NA,NA,NA,NA,NA,NA,NA,NA
"60",7572,"CHN",71,NA,3.93,"","","A","F","n/p","No",FALSE,TRUE,TRUE,FALSE,"2017Ad_minus-F_003",1,FALSE,"",NA,NA,NA,NA,NA,NA,NA,NA,NA,NA,NA,NA,NA,NA,NA
"61",7572,"CHN",75,NA,5.1,"","","A","F","n/p","No",FALSE,TRUE,TRUE,FALSE,"2017Ad_minus-F_004",1,FALSE,"",NA,NA,NA,NA,NA,NA,NA,NA,NA,NA,NA,NA,NA,NA,NA
"62",7572,"CHN",68,NA,3.73,"","","A","F","CHN_S","No",FALSE,TRUE,TRUE,FALSE,"2017Ad_minus-F_005",1,FALSE,"gill has anchorworm",NA,NA,NA,NA,NA,NA,NA,NA,NA,NA,NA,NA,NA,NA,NA
"63",7572,"CHN",61,NA,4.13,"","","A","F","n/p","No",FALSE,TRUE,TRUE,FALSE,"2017Ad_minus-F_006",1,FALSE,"",NA,NA,NA,NA,NA,NA,NA,NA,NA,NA,NA,NA,NA,NA,NA
"64",7572,"CHN",74,NA,4.45,"","","A","F","CHN_S","No",FALSE,TRUE,TRUE,FALSE,"2017Ad_minus-F_007",1,FALSE,"",NA,NA,NA,NA,NA,NA,NA,NA,NA,NA,NA,NA,NA,NA,NA
"65",7572,"CHN",73,NA,4.53,"","","A","F","CHN_S","No",FALSE,TRUE,TRUE,FALSE,"2017Ad_minus-F_008",1,FALSE,"",NA,NA,NA,NA,NA,NA,NA,NA,NA,NA,NA,NA,NA,NA,NA
"66",7572,"CHN",80,NA,5.85,"","","A","F","CHN_S","No",FALSE,TRUE,TRUE,FALSE,"2017Ad_minus-F_009",1,FALSE,"",NA,NA,NA,NA,NA,NA,NA,NA,NA,NA,NA,NA,NA,NA,NA
"67",7576,"CHN",88,NA,8.63,"","","A","F","n/p","No",FALSE,TRUE,TRUE,FALSE,"2017Ad_minus-F_010",1,FALSE,"",NA,NA,NA,NA,NA,NA,NA,NA,NA,NA,NA,NA,NA,NA,NA
"68",7543,"CHN",82,NA,7.05,"","","A","F","n/p","No",FALSE,TRUE,TRUE,FALSE,"2017Ad_minus-F_011",1,FALSE,"",NA,NA,NA,NA,NA,NA,NA,NA,NA,NA,NA,NA,NA,NA,NA
"69",7543,"CHN",77,NA,5.62,"","","A","F","n/p","No",FALSE,TRUE,TRUE,FALSE,"2017Ad_minus-F_012",1,FALSE,"",NA,NA,NA,NA,NA,NA,NA,NA,NA,NA,NA,NA,NA,NA,NA
"70",7543,"CHN",86,NA,6.68,"","","A","F","CHN_S","No",FALSE,TRUE,TRUE,FALSE,"2017Ad_minus-F_013",1,FALSE,"",NA,NA,NA,NA,NA,NA,NA,NA,NA,NA,NA,NA,NA,NA,NA
"71",7543,"CHN",85,NA,7.14,"","","A","F","CHN_S","No",FALSE,TRUE,TRUE,FALSE,"2017Ad_minus-F_015",1,FALSE,"",NA,NA,NA,NA,NA,NA,NA,NA,NA,NA,NA,NA,NA,NA,NA
"72",7543,"CHN",87,NA,7.77,"","","A","F","CHN_S","No",FALSE,TRUE,TRUE,FALSE,"2017Ad_minus-F_016",1,FALSE,"",NA,NA,NA,NA,NA,NA,NA,NA,NA,NA,NA,NA,NA,NA,NA
"73",7543,"CHN",91,NA,8.95,"","","A","F","CHN_S","No",FALSE,TRUE,TRUE,FALSE,"2017Ad_minus-F_017",1,FALSE,"",NA,NA,NA,NA,NA,NA,NA,NA,NA,NA,NA,NA,NA,NA,NA
"74",7543,"CHN",81,NA,6,"","","A","F","CHN_S","No",FALSE,TRUE,TRUE,FALSE,"2017Ad_minus-F_018",1,FALSE,"",NA,NA,NA,NA,NA,NA,NA,NA,NA,NA,NA,NA,NA,NA,NA
"75",7543,"CHN",83,NA,6.94,"","","A","F","CHN_S","No",FALSE,TRUE,TRUE,FALSE,"2017Ad_minus-F_019",1,FALSE,"",NA,NA,NA,NA,NA,NA,NA,NA,NA,NA,NA,NA,NA,NA,NA
"76",7543,"CHN",90,NA,7.99,"","","A","F","CHN_S","No",FALSE,TRUE,TRUE,FALSE,"2017Ad_minus-F_020",1,FALSE,"",NA,NA,NA,NA,NA,NA,NA,NA,NA,NA,NA,NA,NA,NA,NA
"77",7543,"CHN",91,NA,9.51,"","","A","F","CHN_S","No",FALSE,TRUE,TRUE,FALSE,"2017Ad_minus-F_021",1,FALSE,"",NA,NA,NA,NA,NA,NA,NA,NA,NA,NA,NA,NA,NA,NA,NA
"78",7543,"CHN",88,NA,7.7,"","","A","F","CHN_S","No",FALSE,TRUE,TRUE,FALSE,"2017Ad_minus-F_022",1,FALSE,"",NA,NA,NA,NA,NA,NA,NA,NA,NA,NA,NA,NA,NA,NA,NA
"79",7543,"CHN",83,NA,6.67,"","","A","F","CHN_S","No",FALSE,TRUE,TRUE,FALSE,"2017Ad_minus-F_023",1,FALSE,"",NA,NA,NA,NA,NA,NA,NA,NA,NA,NA,NA,NA,NA,NA,NA
"80",7608,"CHN",91,NA,8.67,"","","A","F","CHN_S","No",FALSE,TRUE,TRUE,FALSE,"2017Ad_minus-F_024",1,FALSE,"",NA,NA,NA,NA,NA,NA,NA,NA,NA,NA,NA,NA,NA,NA,NA
"81",7567,"CHN",82,NA,6,"","","A","F","n/p","No",FALSE,TRUE,TRUE,FALSE,"2017Ad_minus-F_025",1,FALSE,"",NA,NA,NA,NA,NA,NA,NA,NA,NA,NA,NA,NA,NA,NA,NA
"82",7566,"CHN",91,NA,8.6,"","","A","F","n/p","No",FALSE,TRUE,TRUE,FALSE,"2017Ad_minus-F_026",1,FALSE,"",NA,NA,NA,NA,NA,NA,NA,NA,NA,NA,NA,NA,NA,NA,NA
"83",7611,"CHN",85,NA,6.83,"","","A","F","CHN_S","No",TRUE,TRUE,TRUE,FALSE,"2017Ad_minus-F_027",1,FALSE,"",NA,NA,NA,NA,NA,NA,NA,NA,NA,NA,NA,NA,NA,NA,NA
"84",7528,"CHN",90,NA,8.66,"","","A","S","CHN_S","No",FALSE,TRUE,TRUE,FALSE,"2017Ad_minus-S_001",1,FALSE,"",NA,NA,NA,NA,NA,NA,NA,NA,NA,NA,NA,NA,NA,NA,NA
"85",7528,"CHN",90,NA,8.39,"","","A","S","CHN_S","No",FALSE,TRUE,TRUE,FALSE,"2017Ad_minus-S_002",1,FALSE,"",NA,NA,NA,NA,NA,NA,NA,NA,NA,NA,NA,NA,NA,NA,NA
"86",7495,"CHN",81,NA,6.42,"","","A","S","n/p","No",FALSE,TRUE,FALSE,FALSE,"2017Ad_minus-S_003",1,FALSE,"smolting",NA,NA,NA,NA,NA,NA,NA,NA,NA,NA,NA,NA,NA,NA,NA
"87",7534,"CHN",98,NA,10.9,"","","A","S","CHN_S","No",FALSE,TRUE,TRUE,FALSE,"2017Ad_minus-S_004",1,FALSE,"",NA,NA,NA,NA,NA,NA,NA,NA,NA,NA,NA,NA,NA,NA,NA
"88",7543,"CHN",97,NA,11.87,"","","A","S","n/p","No",FALSE,TRUE,TRUE,FALSE,"2017Ad_minus-S_005",1,FALSE,"",NA,NA,NA,NA,NA,NA,NA,NA,NA,NA,NA,NA,NA,NA,NA
"89",7543,"CHN",113,NA,18.21,"","","A","S","n/p","No",FALSE,TRUE,TRUE,FALSE,"2017Ad_minus-S_006",1,FALSE,"",NA,NA,NA,NA,NA,NA,NA,NA,NA,NA,NA,NA,NA,NA,NA
"90",7569,"CHN",94,NA,9.86,"","","A","S","CHN_S","No",FALSE,TRUE,TRUE,FALSE,"2017Ad_minus-S_007",1,FALSE,"",NA,NA,NA,NA,NA,NA,NA,NA,NA,NA,NA,NA,NA,NA,NA
"91",7298,"CHN",37,NA,0.41,"","","None","F","n/p","No",FALSE,TRUE,FALSE,FALSE,"2017Ad_plus-F_027",1,FALSE,"",1117,"",NA,"",0,"",NA,NA,NA,NA,NA,NA,NA,NA,NA
"92",7396,"CHN",38,NA,0.53,"","","None","F","n/p","No",FALSE,TRUE,FALSE,FALSE,"2017Ad_plus-F_1270",1,FALSE,"",NA,NA,NA,NA,NA,NA,NA,NA,NA,NA,NA,NA,NA,NA,NA
"93",7396,"CHN",38,NA,0.48,"","","None","F","n/p","No",FALSE,TRUE,FALSE,FALSE,"2017Ad_plus-F_1271",1,FALSE,"",NA,NA,NA,NA,NA,NA,NA,NA,NA,NA,NA,NA,NA,NA,NA
"94",7396,"CHN",37,NA,0.44,"","","None","F","n/p","No",FALSE,TRUE,FALSE,FALSE,"2017Ad_plus-F_1272",1,FALSE,"",NA,NA,NA,NA,NA,NA,NA,NA,NA,NA,NA,NA,NA,NA,NA
"95",7396,"CHN",35,NA,0.35,"","","None","F","n/p","No",FALSE,TRUE,FALSE,FALSE,"2017Ad_plus-F_1273",1,FALSE,"",NA,NA,NA,NA,NA,NA,NA,NA,NA,NA,NA,NA,NA,NA,NA
"96",7396,"CHN",36,NA,0.44,"","","None","F","n/p","No",FALSE,TRUE,FALSE,FALSE,"2017Ad_plus-F_1274",1,FALSE,"",NA,NA,NA,NA,NA,NA,NA,NA,NA,NA,NA,NA,NA,NA,NA
"97",7396,"CHN",39,NA,0.49,"","","None","F","n/p","No",FALSE,TRUE,FALSE,FALSE,"2017Ad_plus-F_1275",1,FALSE,"",NA,NA,NA,NA,NA,NA,NA,NA,NA,NA,NA,NA,NA,NA,NA
"98",7396,"CHN",35,NA,0.38,"","","None","F","n/p","No",FALSE,TRUE,FALSE,FALSE,"2017Ad_plus-F_1276",1,FALSE,"",NA,NA,NA,NA,NA,NA,NA,NA,NA,NA,NA,NA,NA,NA,NA
"99",7322,"CHN",36,NA,0.35,"","","None","F","n/p","No",FALSE,TRUE,FALSE,FALSE,"2017Ad_plus-F_293",1,FALSE,"",NA,NA,NA,NA,NA,NA,NA,NA,NA,NA,NA,NA,NA,NA,NA
"100",7333,"CHN",38,NA,0.51,"","","None","F","n/p","No",FALSE,TRUE,FALSE,FALSE,"2017Ad_plus-F_414",1,FALSE,"",NA,NA,NA,NA,NA,NA,NA,NA,NA,NA,NA,NA,NA,NA,NA
"101",7347,"CHN",44,NA,0.68,"","","None","F","n/p","No",FALSE,TRUE,FALSE,FALSE,"2017Ad_plus-F_479",1,FALSE,"",NA,NA,NA,NA,NA,NA,NA,NA,NA,NA,NA,NA,NA,NA,NA
"102",7347,"CHN",44,NA,0.7,"","","None","F","n/p","No",FALSE,TRUE,FALSE,FALSE,"2017Ad_plus-F_480",1,FALSE,"",NA,NA,NA,NA,NA,NA,NA,NA,NA,NA,NA,NA,NA,NA,NA
"103",7369,"CHN",32,NA,0.25,"","","None","F","n/p","No",FALSE,TRUE,FALSE,FALSE,"2017Ad_plus-F_665",1,FALSE,"",NA,NA,NA,NA,NA,NA,NA,NA,NA,NA,NA,NA,NA,NA,NA
"104",8524,"CHN",820,863,NA,"","","None","n/p","n/p","No",FALSE,TRUE,FALSE,FALSE,"2019_ACHN_001",1,FALSE,"Floy# Left: 518 and Floy# Right: 519",NA,NA,NA,NA,NA,NA,NA,NA,NA,NA,NA,NA,NA,NA,NA
"105",8909,"CHN",813,864,NA,"Female","","None","n/p","n/p","No",FALSE,TRUE,FALSE,FALSE,"2019_ACHN_105",1,FALSE,"Floy: 558/559",NA,NA,NA,NA,NA,NA,NA,NA,NA,NA,NA,NA,NA,NA,NA
"106",8895,"CHN",662,709,NA,"Male","","None","n/p","n/p","No",FALSE,TRUE,FALSE,FALSE,"2019_ACHN_106",1,FALSE,"Floy: R-561 L-560",NA,NA,NA,NA,NA,NA,NA,NA,NA,NA,NA,NA,NA,NA,NA
"107",8911,"CHN",660,714,NA,"Male","","None","F","n/p","No",FALSE,TRUE,FALSE,FALSE,"2019_ACHN_107",1,FALSE,"FLOY: Left 563/right 564",NA,NA,NA,NA,NA,NA,NA,NA,NA,NA,NA,NA,NA,NA,NA
"108",8449,"CHN",61,NA,2.64,"","","A","F","n/p","No",TRUE,TRUE,TRUE,FALSE,"2019Ad_min-F_001",1,FALSE,"SIU fin clipped",NA,NA,NA,NA,NA,NA,NA,NA,NA,NA,NA,NA,NA,NA,NA
"109",8511,"CHN",74,NA,4.23,"","","A","F","n/p","No",TRUE,TRUE,TRUE,FALSE,"2019Ad_min-F_002",1,FALSE,"",NA,NA,NA,NA,NA,NA,NA,NA,NA,NA,NA,NA,NA,NA,NA
"110",8511,"CHN",76,NA,5,"","","A","F","n/p","No",TRUE,TRUE,TRUE,FALSE,"2019Ad_min-F_003",1,FALSE,"",NA,NA,NA,NA,NA,NA,NA,NA,NA,NA,NA,NA,NA,NA,NA
"111",8511,"CHN",76,NA,4.94,"","","A","F","n/p","No",TRUE,TRUE,TRUE,FALSE,"2019Ad_min-F_004",1,FALSE,"",NA,NA,NA,NA,NA,NA,NA,NA,NA,NA,NA,NA,NA,NA,NA
"112",8511,"CHN",69,NA,3.77,"","","A","F","n/p","No",TRUE,TRUE,TRUE,FALSE,"2019Ad_min-F_005",1,FALSE,"",NA,NA,NA,NA,NA,NA,NA,NA,NA,NA,NA,NA,NA,NA,NA
"113",8521,"CHN",76,NA,5.1,"","","A","F","n/p","No",TRUE,TRUE,TRUE,FALSE,"2019Ad_min-F_006",1,FALSE,"",NA,NA,NA,NA,NA,NA,NA,NA,NA,NA,NA,NA,NA,NA,NA
"114",8521,"CHN",81,NA,NA,"","","A","F","n/p","Yes",TRUE,TRUE,FALSE,TRUE,"2019Ad_min-F_007",1,FALSE,"",NA,NA,NA,NA,NA,NA,NA,NA,NA,NA,NA,NA,NA,NA,NA
"115",8521,"CHN",80,NA,NA,"","","A","F","n/p","Yes",TRUE,TRUE,FALSE,TRUE,"2019Ad_min-F_008",1,FALSE,"",NA,NA,NA,NA,NA,NA,NA,NA,NA,NA,NA,NA,NA,NA,NA
"116",8522,"CHN",82,NA,6.26,"","","A","F","n/p","No",TRUE,TRUE,TRUE,FALSE,"2019Ad_min-F_009",1,FALSE,"",NA,NA,NA,NA,NA,NA,NA,NA,NA,NA,NA,NA,NA,NA,NA
"117",8522,"CHN",82,NA,5.89,"","","A","F","n/p","No",TRUE,TRUE,TRUE,FALSE,"2019Ad_min-F_010",1,FALSE,"",NA,NA,NA,NA,NA,NA,NA,NA,NA,NA,NA,NA,NA,NA,NA
"118",8522,"CHN",82,NA,6.23,"","","A","F","CHN_S","No",TRUE,TRUE,TRUE,FALSE,"2019Ad_min-F_011",1,FALSE,"Smolting",NA,NA,NA,NA,NA,NA,NA,NA,NA,NA,NA,NA,NA,NA,NA
"119",8522,"CHN",84,NA,6.95,"","","A","F","n/p","No",TRUE,TRUE,TRUE,FALSE,"2019Ad_min-F_012",1,FALSE,"",NA,NA,NA,NA,NA,NA,NA,NA,NA,NA,NA,NA,NA,NA,NA
"120",8522,"CHN",83,NA,6.68,"","","A","F","CHN_S","No",TRUE,TRUE,TRUE,FALSE,"2019Ad_min-F_013",1,FALSE,"Smolting",NA,NA,NA,NA,NA,NA,NA,NA,NA,NA,NA,NA,NA,NA,NA
"121",8654,"CHN",84,NA,5.04,"","","A","F","n/p","No",TRUE,TRUE,TRUE,FALSE,"2019Ad_min-F_014",1,FALSE,"",NA,NA,NA,NA,NA,NA,NA,NA,NA,NA,NA,NA,NA,NA,NA
"122",8522,"CHN",80,NA,NA,"","","A","F","n/p","No",TRUE,TRUE,TRUE,FALSE,"2019Ad_min-F_500",1,FALSE,"LW: 5.60",NA,NA,NA,NA,NA,NA,NA,NA,NA,NA,NA,NA,NA,NA,NA
"123",8509,"CHN",98,NA,12.05,"","","A","S","n/p","No",TRUE,TRUE,TRUE,FALSE,"2019Ad_min-S_001",1,FALSE,"",NA,NA,NA,NA,NA,NA,NA,NA,NA,NA,NA,NA,NA,NA,NA
"124",8510,"CHN",95,NA,9.58,"","","A","S","n/p","No",TRUE,TRUE,TRUE,FALSE,"2019Ad_min-S_002",1,FALSE,"Lab Weight: 9.4326",NA,NA,NA,NA,NA,NA,NA,NA,NA,NA,NA,NA,NA,NA,NA
"125",8679,"CHN",106,NA,NA,"","","A","S","n/p","Yes",TRUE,TRUE,FALSE,TRUE,"2019Ad_min-S_003",1,FALSE,"",NA,NA,NA,NA,NA,NA,NA,NA,NA,NA,NA,NA,NA,NA,NA
"126",8682,"CHN",98,NA,11.29,"","","A","S","CHN_S","No",TRUE,TRUE,TRUE,FALSE,"2019Ad_min-S_004",1,FALSE,"",NA,NA,NA,NA,NA,NA,NA,NA,NA,NA,NA,NA,NA,NA,NA
"127",8513,"CHN",100,NA,11.42,"","","A","S","n/p","No",TRUE,TRUE,TRUE,FALSE,"2019Ad_min-S_005",1,FALSE,"",NA,NA,NA,NA,NA,NA,NA,NA,NA,NA,NA,NA,NA,NA,NA
"128",8521,"CHN",92,NA,9.91,"","","A","S","n/p","No",FALSE,TRUE,FALSE,FALSE,"2019Ad_min-S_006",1,FALSE,"",NA,NA,NA,NA,NA,NA,NA,NA,NA,NA,NA,NA,NA,NA,NA
"129",8521,"CHN",91,NA,8.7,"","","A","S","n/p","No",TRUE,TRUE,FALSE,FALSE,"2019Ad_min-S_007",1,FALSE,"",NA,NA,NA,NA,NA,NA,NA,NA,NA,NA,NA,NA,NA,NA,NA
"130",8521,"CHN",88,NA,8.02,"","","A","S","n/p","No",TRUE,TRUE,TRUE,FALSE,"2019Ad_min-S_008",1,FALSE,"",NA,NA,NA,NA,NA,NA,NA,NA,NA,NA,NA,NA,NA,NA,NA
"131",8521,"CHN",85,NA,7.26,"","","A","S","n/p","No",TRUE,TRUE,TRUE,FALSE,"2019Ad_min-S_009",1,FALSE,"",NA,NA,NA,NA,NA,NA,NA,NA,NA,NA,NA,NA,NA,NA,NA
"132",8521,"CHN",87,NA,7.81,"","","A","S","n/p","No",TRUE,TRUE,TRUE,FALSE,"2019Ad_min-S_010",1,FALSE,"",NA,NA,NA,NA,NA,NA,NA,NA,NA,NA,NA,NA,NA,NA,NA
"133",8521,"CHN",85,NA,8.25,"","","A","S","n/p","Yes",TRUE,TRUE,FALSE,TRUE,"2019Ad_min-S_012",1,FALSE,"",NA,NA,NA,NA,NA,NA,NA,NA,NA,NA,NA,NA,NA,NA,NA
"134",8521,"CHN",94,NA,NA,"","","A","S","n/p","Yes",TRUE,TRUE,FALSE,TRUE,"2019Ad_min-S_014",1,FALSE,"",NA,NA,NA,NA,NA,NA,NA,NA,NA,NA,NA,NA,NA,NA,NA
"135",8521,"CHN",90,NA,NA,"","","A","S","n/p","Yes",TRUE,TRUE,FALSE,TRUE,"2019Ad_min-S_015",1,FALSE,"",NA,NA,NA,NA,NA,NA,NA,NA,NA,NA,NA,NA,NA,NA,NA
"136",8522,"CHN",103,NA,16.3,"","","A","S","n/p","No",TRUE,TRUE,FALSE,TRUE,"2019Ad_min-S_016",1,FALSE,"",NA,NA,NA,NA,NA,NA,NA,NA,NA,NA,NA,NA,NA,NA,NA
"137",8522,"CHN",89,NA,7.94,"","","A","S","n/p","No",TRUE,TRUE,FALSE,TRUE,"2019Ad_min-S_017",1,FALSE,"",NA,NA,NA,NA,NA,NA,NA,NA,NA,NA,NA,NA,NA,NA,NA
"138",8522,"CHN",93,NA,9.42,"","","A","S","n/p","No",TRUE,TRUE,TRUE,FALSE,"2019Ad_min-S_018",1,FALSE,"",NA,NA,NA,NA,NA,NA,NA,NA,NA,NA,NA,NA,NA,NA,NA
"139",8522,"CHN",87,NA,7.06,"","","A","S","n/p","No",TRUE,TRUE,TRUE,FALSE,"2019Ad_min-S_019",1,FALSE,"",NA,NA,NA,NA,NA,NA,NA,NA,NA,NA,NA,NA,NA,NA,NA
"140",8522,"CHN",85,NA,6.46,"","","A","S","n/p","No",TRUE,TRUE,TRUE,FALSE,"2019Ad_min-S_020",1,FALSE,"",NA,NA,NA,NA,NA,NA,NA,NA,NA,NA,NA,NA,NA,NA,NA
"141",8522,"CHN",93,NA,9.63,"","","A","S","n/p","No",TRUE,TRUE,TRUE,FALSE,"2019Ad_min-S_021",1,FALSE,"",NA,NA,NA,NA,NA,NA,NA,NA,NA,NA,NA,NA,NA,NA,NA
"142",8522,"CHN",94,NA,10.22,"","","A","S","n/p","No",TRUE,TRUE,TRUE,FALSE,"2019Ad_min-S_022",1,FALSE,"Smolting",NA,NA,NA,NA,NA,NA,NA,NA,NA,NA,NA,NA,NA,NA,NA
"143",8522,"CHN",86,NA,7.5,"","","A","S","CHN_S","No",TRUE,TRUE,TRUE,FALSE,"2019Ad_min-S_023",1,FALSE,"Smolting",NA,NA,NA,NA,NA,NA,NA,NA,NA,NA,NA,NA,NA,NA,NA
"144",8522,"CHN",100,NA,11.43,"","","A","S","CHN_S","No",TRUE,TRUE,TRUE,FALSE,"2019Ad_min-S_024",1,FALSE,"Smolting",NA,NA,NA,NA,NA,NA,NA,NA,NA,NA,NA,NA,NA,NA,NA
"145",8522,"CHN",97,NA,10.68,"","","A","S","CHN_S","No",TRUE,TRUE,TRUE,FALSE,"2019Ad_min-S_025",1,FALSE,"Smolting",NA,NA,NA,NA,NA,NA,NA,NA,NA,NA,NA,NA,NA,NA,NA
"146",8522,"CHN",92,NA,9.2,"","","A","S","CHN_S","No",TRUE,TRUE,TRUE,FALSE,"2019Ad_min-S_026",1,FALSE,"Smolting",NA,NA,NA,NA,NA,NA,NA,NA,NA,NA,NA,NA,NA,NA,NA
"147",8522,"CHN",87,NA,7.63,"","","A","S","CHN_S","No",TRUE,TRUE,TRUE,FALSE,"2019Ad_min-S_027",1,FALSE,"Smolting",NA,NA,NA,NA,NA,NA,NA,NA,NA,NA,NA,NA,NA,NA,NA
"148",8522,"CHN",88,NA,8.34,"","","A","S","CHN_S","No",TRUE,TRUE,TRUE,FALSE,"2019Ad_min-S_028",1,FALSE,"Smolting",NA,NA,NA,NA,NA,NA,NA,NA,NA,NA,NA,NA,NA,NA,NA
"149",8522,"CHN",86,NA,7.06,"","","A","S","CHN_S","No",TRUE,TRUE,TRUE,FALSE,"2019Ad_min-S_029",1,FALSE,"Smolting",NA,NA,NA,NA,NA,NA,NA,NA,NA,NA,NA,NA,NA,NA,NA
"150",8522,"CHN",91,NA,NA,"","","A","S","n/p","No",TRUE,TRUE,TRUE,FALSE,"2019Ad_min-S_500",1,FALSE,"LW: 7.37",NA,NA,NA,NA,NA,NA,NA,NA,NA,NA,NA,NA,NA,NA,NA
"151",8522,"CHN",90,NA,NA,"","","A","S","n/p","No",TRUE,TRUE,TRUE,FALSE,"2019Ad_min-S_501",1,FALSE,"LW: 8.31",NA,NA,NA,NA,NA,NA,NA,NA,NA,NA,NA,NA,NA,NA,NA
"152",8482,"CHN",107,NA,16.03,"","","A","W","CHN_S","Yes",TRUE,TRUE,FALSE,TRUE,"2019Ad_min-W_001",1,FALSE,"",NA,NA,NA,NA,NA,NA,NA,NA,NA,NA,NA,NA,NA,NA,NA
"153",8482,"CHN",110,NA,17.11,"","","A","W","CHN_S","Yes",TRUE,TRUE,FALSE,TRUE,"2019Ad_min-W_002",1,FALSE,"",NA,NA,NA,NA,NA,NA,NA,NA,NA,NA,NA,NA,NA,NA,NA
"154",8483,"CHN",126,NA,21.32,"","","A","W","CHN_S","No",TRUE,TRUE,TRUE,FALSE,"2019Ad_min-W_003",1,FALSE,"",NA,NA,NA,NA,NA,NA,NA,NA,NA,NA,NA,NA,NA,NA,NA
"155",8483,"CHN",125,NA,21.57,"","","A","W","CHN_S","No",TRUE,TRUE,TRUE,FALSE,"2019Ad_min-W_004",1,FALSE,"",NA,NA,NA,NA,NA,NA,NA,NA,NA,NA,NA,NA,NA,NA,NA
"156",8483,"CHN",123,NA,19.84,"","","A","W","CHN_S","No",TRUE,TRUE,TRUE,FALSE,"2019Ad_min-W_005",1,FALSE,"",NA,NA,NA,NA,NA,NA,NA,NA,NA,NA,NA,NA,NA,NA,NA
"157",8483,"CHN",113,NA,15.26,"","","A","W","CHN_S","No",TRUE,TRUE,TRUE,FALSE,"2019Ad_min-W_006",1,FALSE,"",NA,NA,NA,NA,NA,NA,NA,NA,NA,NA,NA,NA,NA,NA,NA
"158",8483,"CHN",137,NA,29.11,"","","A","W","CHN_S","No",TRUE,TRUE,TRUE,FALSE,"2019Ad_min-W_007",1,FALSE,"",NA,NA,NA,NA,NA,NA,NA,NA,NA,NA,NA,NA,NA,NA,NA
"159",8497,"CHN",141,NA,34.22,"","","A","W","CHN_S","No",TRUE,TRUE,TRUE,FALSE,"2019Ad_min-W_008",1,FALSE,"",NA,NA,NA,NA,NA,NA,NA,NA,NA,NA,NA,NA,NA,NA,NA
"160",8511,"CHN",37,NA,0.57,"","","None","F","n/p","No",FALSE,TRUE,FALSE,FALSE,"2019Ad_plus-F_115",1,FALSE,"",NA,NA,NA,NA,NA,NA,NA,NA,NA,NA,NA,NA,NA,NA,NA
"161",8522,"CHN",82,NA,6.75,"","","None","F","n/p","No",FALSE,TRUE,FALSE,FALSE,"2019Ad_plus-F_227",1,FALSE,"",NA,NA,NA,NA,NA,NA,NA,NA,NA,NA,NA,NA,NA,NA,NA
"162",8522,"CHN",83,NA,6.23,"","","None","F","CHN_S","No",FALSE,TRUE,FALSE,FALSE,"2019Ad_plus-F_261",1,FALSE,"Smolting",NA,NA,NA,NA,NA,NA,NA,NA,NA,NA,NA,NA,NA,NA,NA
"163",8461,"CHN",72,NA,4.65,"","","None","S","n/p","No",FALSE,TRUE,FALSE,FALSE,"2019Ad_plus-S_001",1,FALSE,"",NA,NA,NA,NA,NA,NA,NA,NA,NA,NA,NA,NA,NA,NA,NA
"164",8494,"CHN",79,NA,6.23,"","","None","S","n/p","No",FALSE,TRUE,FALSE,FALSE,"2019Ad_plus-S_002",1,FALSE,"Good Condition",NA,NA,NA,NA,NA,NA,NA,NA,NA,NA,NA,NA,NA,NA,NA
"165",8495,"CHN",77,NA,NA,"","","None","S","n/p","No",FALSE,TRUE,FALSE,FALSE,"2019Ad_plus-S_003",1,FALSE,"",NA,NA,NA,NA,NA,NA,NA,NA,NA,NA,NA,NA,NA,NA,NA
"166",8495,"CHN",74,NA,NA,"","","None","S","n/p","No",FALSE,TRUE,FALSE,FALSE,"2019Ad_plus-S_004",1,FALSE,"",NA,NA,NA,NA,NA,NA,NA,NA,NA,NA,NA,NA,NA,NA,NA
"167",8497,"CHN",84,NA,7.9,"","","None","S","CHN_S","No",FALSE,TRUE,FALSE,TRUE,"2019Ad_plus-S_005",1,FALSE,"Bad Condition",NA,NA,NA,NA,NA,NA,NA,NA,NA,NA,NA,NA,NA,NA,NA
"168",8498,"CHN",99,NA,NA,"","","None","S","n/p","Yes",FALSE,TRUE,FALSE,TRUE,"2019Ad_plus-S_006",1,FALSE,"Hard to measure due to poor condition",NA,NA,NA,NA,NA,NA,NA,NA,NA,NA,NA,NA,NA,NA,NA
"169",8498,"CHN",92,NA,NA,"","","None","S","n/p","Yes",FALSE,TRUE,FALSE,TRUE,"2019Ad_plus-S_007",1,FALSE,"Hard to measure due to poor condition",NA,NA,NA,NA,NA,NA,NA,NA,NA,NA,NA,NA,NA,NA,NA
"170",8498,"CHN",83,NA,6.98,"","","None","S","CHN_S","No",FALSE,TRUE,FALSE,FALSE,"2019Ad_plus-S_008",1,FALSE,"Smolting",NA,NA,NA,NA,NA,NA,NA,NA,NA,NA,NA,NA,NA,NA,NA
"171",8498,"CHN",93,NA,9.56,"","","None","S","CHN_S","No",FALSE,TRUE,FALSE,FALSE,"2019Ad_plus-S_009",1,FALSE,"Smolting",NA,NA,NA,NA,NA,NA,NA,NA,NA,NA,NA,NA,NA,NA,NA
"172",8498,"CHN",97,NA,10.12,"","","None","S","CHN_S","No",FALSE,TRUE,FALSE,FALSE,"2019Ad_plus-S_010",1,FALSE,"Smolting",NA,NA,NA,NA,NA,NA,NA,NA,NA,NA,NA,NA,NA,NA,NA
"173",8504,"CHN",103,NA,14.43,"","","None","S","CHN_S","No",FALSE,TRUE,FALSE,FALSE,"2019Ad_plus-S_011",1,FALSE,"Smolting",NA,NA,NA,NA,NA,NA,NA,NA,NA,NA,NA,NA,NA,NA,NA
"174",8504,"CHN",96,NA,10.36,"","","None","S","CHN_S","No",FALSE,TRUE,FALSE,FALSE,"2019Ad_plus-S_012",1,FALSE,"Smolting",NA,NA,NA,NA,NA,NA,NA,NA,NA,NA,NA,NA,NA,NA,NA
"175",8506,"CHN",87,NA,7.76,"","","None","S","n/p","No",FALSE,TRUE,FALSE,FALSE,"2019Ad_plus-S_013",1,FALSE,"",NA,NA,NA,NA,NA,NA,NA,NA,NA,NA,NA,NA,NA,NA,NA
"176",8506,"CHN",83,NA,6.41,"","","None","S","n/p","No",FALSE,TRUE,FALSE,FALSE,"2019Ad_plus-S_014",1,FALSE,"",NA,NA,NA,NA,NA,NA,NA,NA,NA,NA,NA,NA,NA,NA,NA
"177",8506,"CHN",85,NA,6.95,"","","None","S","n/p","No",FALSE,TRUE,FALSE,FALSE,"2019Ad_plus-S_015",1,FALSE,"",NA,NA,NA,NA,NA,NA,NA,NA,NA,NA,NA,NA,NA,NA,NA
"178",8508,"CHN",78,NA,6.26,"","","None","S","n/p","No",FALSE,TRUE,FALSE,FALSE,"2019Ad_plus-S_016",1,FALSE,"",NA,NA,NA,NA,NA,NA,NA,NA,NA,NA,NA,NA,NA,NA,NA
"179",8505,"CHN",88,NA,8.97,"","","None","S","CHN_S","No",FALSE,TRUE,FALSE,FALSE,"2019Ad_plus-S_017",1,FALSE,"Smolting",NA,NA,NA,NA,NA,NA,NA,NA,NA,NA,NA,NA,NA,NA,NA
"180",8505,"CHN",95,NA,10.99,"","","None","S","CHN_S","No",FALSE,TRUE,FALSE,FALSE,"2019Ad_plus-S_018",1,FALSE,"Smolting",NA,NA,NA,NA,NA,NA,NA,NA,NA,NA,NA,NA,NA,NA,NA
"181",8505,"CHN",98,NA,11.47,"","","None","S","CHN_S","No",FALSE,TRUE,FALSE,FALSE,"2019Ad_plus-S_019",1,FALSE,"Smolting",NA,NA,NA,NA,NA,NA,NA,NA,NA,NA,NA,NA,NA,NA,NA
"182",8505,"CHN",101,NA,11.59,"","","None","S","CHN_S","No",FALSE,TRUE,FALSE,FALSE,"2019Ad_plus-S_020",1,FALSE,"Smolting",NA,NA,NA,NA,NA,NA,NA,NA,NA,NA,NA,NA,NA,NA,NA
"183",8505,"CHN",101,NA,11.91,"","","None","S","CHN_S","No",FALSE,TRUE,FALSE,FALSE,"2019Ad_plus-S_021",1,FALSE,"Smolting",NA,NA,NA,NA,NA,NA,NA,NA,NA,NA,NA,NA,NA,NA,NA
"184",8505,"CHN",100,NA,13.23,"","","None","S","CHN_S","No",FALSE,TRUE,FALSE,FALSE,"2019Ad_plus-S_022",1,FALSE,"Smolting",NA,NA,NA,NA,NA,NA,NA,NA,NA,NA,NA,NA,NA,NA,NA
"185",8505,"CHN",105,NA,14.37,"","","None","S","CHN_S","No",FALSE,TRUE,FALSE,FALSE,"2019Ad_plus-S_023",1,FALSE,"Smolting",NA,NA,NA,NA,NA,NA,NA,NA,NA,NA,NA,NA,NA,NA,NA
"186",8510,"CHN",91,NA,8.24,"","","None","S","n/p","No",FALSE,TRUE,FALSE,FALSE,"2019Ad_plus-S_024",1,FALSE,"",NA,NA,NA,NA,NA,NA,NA,NA,NA,NA,NA,NA,NA,NA,NA
"187",8510,"CHN",98,NA,12.55,"","","None","S","n/p","No",FALSE,TRUE,FALSE,FALSE,"2019Ad_plus-S_025",1,FALSE,"",NA,NA,NA,NA,NA,NA,NA,NA,NA,NA,NA,NA,NA,NA,NA
"188",8510,"CHN",100,NA,12,"","","None","S","n/p","No",FALSE,TRUE,FALSE,FALSE,"2019Ad_plus-S_026",1,FALSE,"",NA,NA,NA,NA,NA,NA,NA,NA,NA,NA,NA,NA,NA,NA,NA
"189",8510,"CHN",103,NA,14.93,"","","None","S","n/p","No",FALSE,TRUE,FALSE,FALSE,"2019Ad_plus-S_027",1,FALSE,"Ad Fin short",NA,NA,NA,NA,NA,NA,NA,NA,NA,NA,NA,NA,NA,NA,NA
"190",8514,"CHN",94,NA,9.98,"","","None","S","n/p","No",FALSE,TRUE,FALSE,FALSE,"2019Ad_plus-S_028",1,FALSE,"",NA,NA,NA,NA,NA,NA,NA,NA,NA,NA,NA,NA,NA,NA,NA
"191",8514,"CHN",94,NA,10.56,"","","None","S","n/p","No",FALSE,TRUE,FALSE,FALSE,"2019Ad_plus-S_029",1,FALSE,"",NA,NA,NA,NA,NA,NA,NA,NA,NA,NA,NA,NA,NA,NA,NA
"192",8514,"CHN",108,NA,14.57,"","","None","S","n/p","No",FALSE,TRUE,FALSE,FALSE,"2019Ad_plus-S_030",1,FALSE,"",NA,NA,NA,NA,NA,NA,NA,NA,NA,NA,NA,NA,NA,NA,NA
"193",8679,"CHN",105,NA,12.75,"","","None","S","CHN_S","No",FALSE,TRUE,FALSE,FALSE,"2019Ad_plus-S_031",1,FALSE,"",NA,NA,NA,NA,NA,NA,NA,NA,NA,NA,NA,NA,NA,NA,NA
"194",8679,"CHN",102,NA,12.26,"","","None","S","CHN_S","No",FALSE,TRUE,FALSE,FALSE,"2019Ad_plus-S_032",1,FALSE,"",NA,NA,NA,NA,NA,NA,NA,NA,NA,NA,NA,NA,NA,NA,NA
"195",8679,"CHN",94,NA,10.01,"","","None","S","CHN_S","No",FALSE,TRUE,FALSE,FALSE,"2019Ad_plus-S_033",1,FALSE,"",NA,NA,NA,NA,NA,NA,NA,NA,NA,NA,NA,NA,NA,NA,NA
"196",8679,"CHN",94,NA,10.14,"","","None","S","CHN_S","No",FALSE,TRUE,FALSE,FALSE,"2019Ad_plus-S_034",1,FALSE,"",NA,NA,NA,NA,NA,NA,NA,NA,NA,NA,NA,NA,NA,NA,NA
"197",8679,"CHN",91,NA,8.47,"","","None","S","CHN_S","No",FALSE,TRUE,FALSE,FALSE,"2019Ad_plus-S_035",1,FALSE,"",NA,NA,NA,NA,NA,NA,NA,NA,NA,NA,NA,NA,NA,NA,NA
"198",8679,"CHN",86,NA,7.05,"","","None","S","CHN_S","No",FALSE,TRUE,FALSE,FALSE,"2019Ad_plus-S_036",1,FALSE,"",NA,NA,NA,NA,NA,NA,NA,NA,NA,NA,NA,NA,NA,NA,NA
"199",8679,"CHN",108,NA,NA,"","","None","S","n/p","Yes",FALSE,TRUE,FALSE,TRUE,"2019Ad_plus-S_037",1,FALSE,"",NA,NA,NA,NA,NA,NA,NA,NA,NA,NA,NA,NA,NA,NA,NA
"200",8679,"CHN",96,NA,NA,"","","None","S","n/p","Yes",FALSE,TRUE,FALSE,TRUE,"2019Ad_plus-S_038",1,FALSE,"",NA,NA,NA,NA,NA,NA,NA,NA,NA,NA,NA,NA,NA,NA,NA
"201",8679,"CHN",92,NA,NA,"","","None","S","n/p","Yes",FALSE,TRUE,FALSE,TRUE,"2019Ad_plus-S_039",1,FALSE,"",NA,NA,NA,NA,NA,NA,NA,NA,NA,NA,NA,NA,NA,NA,NA
"202",8681,"CHN",94,NA,10.92,"","","None","S","CHN_S","No",FALSE,TRUE,FALSE,FALSE,"2019Ad_plus-S_040",1,FALSE,"",NA,NA,NA,NA,NA,NA,NA,NA,NA,NA,NA,NA,NA,NA,NA
"203",8682,"CHN",89,NA,8.9,"","","None","S","CHN_S","No",FALSE,TRUE,FALSE,FALSE,"2019Ad_plus-S_041",1,FALSE,"upper caudal fin damaged (possibly already clipped?) took clip from lower caudal",NA,NA,NA,NA,NA,NA,NA,NA,NA,NA,NA,NA,NA,NA,NA
"204",8513,"CHN",96,NA,11.51,"","","None","S","n/p","No",FALSE,TRUE,FALSE,FALSE,"2019Ad_plus-S_042",1,FALSE,"",NA,NA,NA,NA,NA,NA,NA,NA,NA,NA,NA,NA,NA,NA,NA
"205",8513,"CHN",110,NA,12.31,"","","None","S","n/p","No",FALSE,TRUE,FALSE,FALSE,"2019Ad_plus-S_043",1,FALSE,"",NA,NA,NA,NA,NA,NA,NA,NA,NA,NA,NA,NA,NA,NA,NA
"206",8513,"CHN",110,NA,16.68,"","","None","S","n/p","No",FALSE,TRUE,FALSE,FALSE,"2019Ad_plus-S_044",1,FALSE,"",NA,NA,NA,NA,NA,NA,NA,NA,NA,NA,NA,NA,NA,NA,NA
"207",8513,"CHN",86,NA,7.77,"","","None","S","n/p","No",FALSE,TRUE,FALSE,FALSE,"2019Ad_plus-S_045",1,FALSE,"",NA,NA,NA,NA,NA,NA,NA,NA,NA,NA,NA,NA,NA,NA,NA
"208",8513,"CHN",101,NA,13.36,"","","None","S","n/p","No",FALSE,TRUE,FALSE,FALSE,"2019Ad_plus-S_046",1,FALSE,"",NA,NA,NA,NA,NA,NA,NA,NA,NA,NA,NA,NA,NA,NA,NA
"209",8513,"CHN",96,NA,12.13,"","","None","S","n/p","No",FALSE,TRUE,FALSE,FALSE,"2019Ad_plus-S_047",1,FALSE,"",NA,NA,NA,NA,NA,NA,NA,NA,NA,NA,NA,NA,NA,NA,NA
"210",8513,"CHN",97,NA,12.86,"","","None","S","n/p","Yes",FALSE,TRUE,FALSE,TRUE,"2019Ad_plus-S_048",1,FALSE,"",NA,NA,NA,NA,NA,NA,NA,NA,NA,NA,NA,NA,NA,NA,NA
"211",8513,"CHN",90,NA,9.78,"","","None","S","n/p","Yes",FALSE,TRUE,FALSE,TRUE,"2019Ad_plus-S_049",1,FALSE,"",NA,NA,NA,NA,NA,NA,NA,NA,NA,NA,NA,NA,NA,NA,NA
"212",8468,"CHN",90,NA,9.14,"","","None","S","CHN_S","No",FALSE,TRUE,FALSE,FALSE,"2019Ad_plus-S_050",1,FALSE,"Smolting",NA,NA,NA,NA,NA,NA,NA,NA,NA,NA,NA,NA,NA,NA,NA
"213",8521,"CHN",100,NA,13.88,"","","None","S","n/p","No",FALSE,TRUE,FALSE,FALSE,"2019Ad_plus-S_051",1,FALSE,"",NA,NA,NA,NA,NA,NA,NA,NA,NA,NA,NA,NA,NA,NA,NA
"214",8521,"CHN",94,NA,11.73,"","","None","S","n/p","No",FALSE,TRUE,FALSE,FALSE,"2019Ad_plus-S_052",1,FALSE,"",NA,NA,NA,NA,NA,NA,NA,NA,NA,NA,NA,NA,NA,NA,NA
"215",8521,"CHN",85,NA,8.04,"","","None","S","n/p","No",FALSE,TRUE,FALSE,FALSE,"2019Ad_plus-S_053",1,FALSE,"",NA,NA,NA,NA,NA,NA,NA,NA,NA,NA,NA,NA,NA,NA,NA
"216",8521,"CHN",85,NA,6.78,"","","None","S","n/p","No",FALSE,TRUE,FALSE,FALSE,"2019Ad_plus-S_056",1,FALSE,"",NA,NA,NA,NA,NA,NA,NA,NA,NA,NA,NA,NA,NA,NA,NA
"217",8521,"CHN",91,NA,10.04,"","","None","S","n/p","No",FALSE,TRUE,FALSE,FALSE,"2019Ad_plus-S_057",1,FALSE,"",NA,NA,NA,NA,NA,NA,NA,NA,NA,NA,NA,NA,NA,NA,NA
"218",8521,"CHN",92,NA,10.32,"","","None","S","n/p","No",FALSE,TRUE,FALSE,FALSE,"2019Ad_plus-S_058",1,FALSE,"",NA,NA,NA,NA,NA,NA,NA,NA,NA,NA,NA,NA,NA,NA,NA
"219",8521,"CHN",94,NA,10.81,"","","None","S","n/p","No",FALSE,TRUE,FALSE,FALSE,"2019Ad_plus-S_059",1,FALSE,"",NA,NA,NA,NA,NA,NA,NA,NA,NA,NA,NA,NA,NA,NA,NA
"220",8521,"CHN",91,NA,10.17,"","","None","S","n/p","No",FALSE,TRUE,FALSE,FALSE,"2019Ad_plus-S_060",1,FALSE,"",NA,NA,NA,NA,NA,NA,NA,NA,NA,NA,NA,NA,NA,NA,NA
"221",8521,"CHN",92,NA,10.75,"","","None","S","n/p","No",FALSE,TRUE,FALSE,FALSE,"2019Ad_plus-S_061",1,FALSE,"",NA,NA,NA,NA,NA,NA,NA,NA,NA,NA,NA,NA,NA,NA,NA
"222",8521,"CHN",94,NA,12.48,"","","None","S","n/p","No",FALSE,TRUE,FALSE,FALSE,"2019Ad_plus-S_063",1,FALSE,"",NA,NA,NA,NA,NA,NA,NA,NA,NA,NA,NA,NA,NA,NA,NA
"223",8521,"CHN",85,NA,8.18,"","","None","S","n/p","No",FALSE,TRUE,FALSE,FALSE,"2019Ad_plus-S_064",1,FALSE,"",NA,NA,NA,NA,NA,NA,NA,NA,NA,NA,NA,NA,NA,NA,NA
"224",8521,"CHN",88,NA,8.67,"","","None","S","n/p","No",FALSE,TRUE,FALSE,FALSE,"2019Ad_plus-S_065",1,FALSE,"",NA,NA,NA,NA,NA,NA,NA,NA,NA,NA,NA,NA,NA,NA,NA
"225",8521,"CHN",85,NA,8.22,"","","None","S","n/p","No",FALSE,TRUE,FALSE,FALSE,"2019Ad_plus-S_066",1,FALSE,"",NA,NA,NA,NA,NA,NA,NA,NA,NA,NA,NA,NA,NA,NA,NA
"226",8521,"CHN",93,NA,9.96,"","","None","S","n/p","No",FALSE,TRUE,FALSE,FALSE,"2019Ad_plus-S_067",1,FALSE,"",NA,NA,NA,NA,NA,NA,NA,NA,NA,NA,NA,NA,NA,NA,NA
"227",8521,"CHN",88,NA,9.2,"","","None","S","n/p","No",FALSE,TRUE,FALSE,FALSE,"2019Ad_plus-S_068",1,FALSE,"",NA,NA,NA,NA,NA,NA,NA,NA,NA,NA,NA,NA,NA,NA,NA
"228",8521,"CHN",89,NA,9.28,"","","None","S","n/p","No",FALSE,TRUE,FALSE,FALSE,"2019Ad_plus-S_069",1,FALSE,"",NA,NA,NA,NA,NA,NA,NA,NA,NA,NA,NA,NA,NA,NA,NA
"229",8521,"CHN",88,NA,9.28,"","","None","S","n/p","No",FALSE,TRUE,FALSE,FALSE,"2019Ad_plus-S_070",1,FALSE,"",NA,NA,NA,NA,NA,NA,NA,NA,NA,NA,NA,NA,NA,NA,NA
"230",8521,"CHN",96,NA,11.85,"","","None","S","CHN_S","Yes",FALSE,TRUE,FALSE,TRUE,"2019Ad_plus-S_071",1,FALSE,"",NA,NA,NA,NA,NA,NA,NA,NA,NA,NA,NA,NA,NA,NA,NA
"231",8521,"CHN",91,NA,9.91,"","","None","S","n/p","No",FALSE,TRUE,FALSE,FALSE,"2019Ad_plus-S_072",1,FALSE,"",NA,NA,NA,NA,NA,NA,NA,NA,NA,NA,NA,NA,NA,NA,NA
"232",8521,"CHN",99,NA,11.73,"","","None","S","n/p","No",FALSE,TRUE,FALSE,FALSE,"2019Ad_plus-S_073",1,FALSE,"",NA,NA,NA,NA,NA,NA,NA,NA,NA,NA,NA,NA,NA,NA,NA
"233",8521,"CHN",85,NA,7.61,"","","None","S","n/p","Yes",FALSE,TRUE,FALSE,TRUE,"2019Ad_plus-S_074",1,FALSE,"Accidently Released",NA,NA,NA,NA,NA,NA,NA,NA,NA,NA,NA,NA,NA,NA,NA
"234",8521,"CHN",96,NA,NA,"","","None","S","n/p","Yes",FALSE,TRUE,FALSE,TRUE,"2019Ad_plus-S_075",1,FALSE,"",NA,NA,NA,NA,NA,NA,NA,NA,NA,NA,NA,NA,NA,NA,NA
"235",8521,"CHN",90,NA,NA,"","","None","S","n/p","Yes",FALSE,TRUE,FALSE,TRUE,"2019Ad_plus-S_076",1,FALSE,"",NA,NA,NA,NA,NA,NA,NA,NA,NA,NA,NA,NA,NA,NA,NA
"236",8521,"CHN",90,NA,NA,"","","None","S","n/p","Yes",FALSE,TRUE,FALSE,TRUE,"2019Ad_plus-S_077",1,FALSE,"",NA,NA,NA,NA,NA,NA,NA,NA,NA,NA,NA,NA,NA,NA,NA
"237",8521,"CHN",87,NA,NA,"","","None","S","n/p","Yes",FALSE,TRUE,FALSE,TRUE,"2019Ad_plus-S_078",1,FALSE,"",NA,NA,NA,NA,NA,NA,NA,NA,NA,NA,NA,NA,NA,NA,NA
"238",8521,"CHN",88,NA,NA,"","","None","S","n/p","Yes",FALSE,TRUE,FALSE,TRUE,"2019Ad_plus-S_079",1,FALSE,"",NA,NA,NA,NA,NA,NA,NA,NA,NA,NA,NA,NA,NA,NA,NA
"239",8522,"CHN",92,NA,10.82,"","","None","S","n/p","No",FALSE,TRUE,FALSE,TRUE,"2019Ad_plus-S_080",1,FALSE,"",NA,NA,NA,NA,NA,NA,NA,NA,NA,NA,NA,NA,NA,NA,NA
"240",8522,"CHN",90,NA,8.77,"","","None","S","n/p","No",FALSE,TRUE,FALSE,TRUE,"2019Ad_plus-S_081",1,FALSE,"",NA,NA,NA,NA,NA,NA,NA,NA,NA,NA,NA,NA,NA,NA,NA
"241",8522,"CHN",93,NA,12.26,"","","None","S","n/p","No",FALSE,TRUE,FALSE,TRUE,"2019Ad_plus-S_082",1,FALSE,"",NA,NA,NA,NA,NA,NA,NA,NA,NA,NA,NA,NA,NA,NA,NA
"242",8522,"CHN",97,NA,11.78,"","","None","S","n/p","No",FALSE,TRUE,FALSE,TRUE,"2019Ad_plus-S_083",1,FALSE,"",NA,NA,NA,NA,NA,NA,NA,NA,NA,NA,NA,NA,NA,NA,NA
"243",8522,"CHN",90,NA,9.47,"","","None","S","n/p","No",FALSE,TRUE,FALSE,TRUE,"2019Ad_plus-S_084",1,FALSE,"",NA,NA,NA,NA,NA,NA,NA,NA,NA,NA,NA,NA,NA,NA,NA
"244",8522,"CHN",91,NA,8.91,"","","None","S","n/p","No",FALSE,TRUE,FALSE,FALSE,"2019Ad_plus-S_085",1,FALSE,"",NA,NA,NA,NA,NA,NA,NA,NA,NA,NA,NA,NA,NA,NA,NA
"245",8522,"CHN",92,NA,9.31,"","","None","S","n/p","No",FALSE,TRUE,FALSE,FALSE,"2019Ad_plus-S_086",1,FALSE,"",NA,NA,NA,NA,NA,NA,NA,NA,NA,NA,NA,NA,NA,NA,NA
"246",8522,"CHN",88,NA,8.44,"","","None","S","n/p","No",FALSE,TRUE,FALSE,FALSE,"2019Ad_plus-S_087",1,FALSE,"",NA,NA,NA,NA,NA,NA,NA,NA,NA,NA,NA,NA,NA,NA,NA
"247",8522,"CHN",101,NA,12.82,"","","None","S","n/p","No",FALSE,TRUE,FALSE,FALSE,"2019Ad_plus-S_088",1,FALSE,"",NA,NA,NA,NA,NA,NA,NA,NA,NA,NA,NA,NA,NA,NA,NA
"248",8522,"CHN",90,NA,9.73,"","","None","S","n/p","No",FALSE,TRUE,FALSE,FALSE,"2019Ad_plus-S_089",1,FALSE,"",NA,NA,NA,NA,NA,NA,NA,NA,NA,NA,NA,NA,NA,NA,NA
"249",8522,"CHN",95,NA,10.38,"","","None","S","n/p","No",FALSE,TRUE,FALSE,FALSE,"2019Ad_plus-S_090",1,FALSE,"",NA,NA,NA,NA,NA,NA,NA,NA,NA,NA,NA,NA,NA,NA,NA
"250",8522,"CHN",90,NA,9.16,"","","None","S","n/p","No",FALSE,TRUE,FALSE,FALSE,"2019Ad_plus-S_091",1,FALSE,"",NA,NA,NA,NA,NA,NA,NA,NA,NA,NA,NA,NA,NA,NA,NA
"251",8522,"CHN",95,NA,10.88,"","","None","S","n/p","No",FALSE,TRUE,FALSE,FALSE,"2019Ad_plus-S_092",1,FALSE,"",NA,NA,NA,NA,NA,NA,NA,NA,NA,NA,NA,NA,NA,NA,NA
"252",8522,"CHN",93,NA,10.15,"","","None","S","n/p","No",FALSE,TRUE,FALSE,FALSE,"2019Ad_plus-S_093",1,FALSE,"",NA,NA,NA,NA,NA,NA,NA,NA,NA,NA,NA,NA,NA,NA,NA
"253",8522,"CHN",87,NA,8.21,"","","None","S","n/p","No",FALSE,TRUE,FALSE,FALSE,"2019Ad_plus-S_094",1,FALSE,"",NA,NA,NA,NA,NA,NA,NA,NA,NA,NA,NA,NA,NA,NA,NA
"254",8522,"CHN",87,NA,7.91,"","","None","S","n/p","No",FALSE,TRUE,FALSE,FALSE,"2019Ad_plus-S_095",1,FALSE,"",NA,NA,NA,NA,NA,NA,NA,NA,NA,NA,NA,NA,NA,NA,NA
"255",8522,"CHN",92,NA,9.43,"","","None","S","n/p","No",FALSE,TRUE,FALSE,FALSE,"2019Ad_plus-S_096",1,FALSE,"",NA,NA,NA,NA,NA,NA,NA,NA,NA,NA,NA,NA,NA,NA,NA
"256",8522,"CHN",97,NA,10.58,"","","None","S","n/p","No",FALSE,TRUE,FALSE,FALSE,"2019Ad_plus-S_097",1,FALSE,"",NA,NA,NA,NA,NA,NA,NA,NA,NA,NA,NA,NA,NA,NA,NA
"257",8522,"CHN",101,NA,13.08,"","","None","S","n/p","No",FALSE,TRUE,FALSE,FALSE,"2019Ad_plus-S_098",1,FALSE,"",NA,NA,NA,NA,NA,NA,NA,NA,NA,NA,NA,NA,NA,NA,NA
"258",8522,"CHN",85,NA,6.71,"","","None","S","n/p","No",FALSE,TRUE,FALSE,FALSE,"2019Ad_plus-S_099",1,FALSE,"",NA,NA,NA,NA,NA,NA,NA,NA,NA,NA,NA,NA,NA,NA,NA
"259",8522,"CHN",90,NA,8.2,"","","None","S","n/p","No",FALSE,TRUE,FALSE,FALSE,"2019Ad_plus-S_100",1,FALSE,"",NA,NA,NA,NA,NA,NA,NA,NA,NA,NA,NA,NA,NA,NA,NA
"260",8522,"CHN",89,NA,8.83,"","","None","S","n/p","No",FALSE,TRUE,FALSE,FALSE,"2019Ad_plus-S_101",1,FALSE,"",NA,NA,NA,NA,NA,NA,NA,NA,NA,NA,NA,NA,NA,NA,NA
"261",8522,"CHN",96,NA,11.74,"","","None","S","n/p","No",FALSE,TRUE,FALSE,FALSE,"2019Ad_plus-S_102",1,FALSE,"",NA,NA,NA,NA,NA,NA,NA,NA,NA,NA,NA,NA,NA,NA,NA
"262",8522,"CHN",88,NA,8.18,"","","None","S","n/p","No",FALSE,TRUE,FALSE,FALSE,"2019Ad_plus-S_103",1,FALSE,"",NA,NA,NA,NA,NA,NA,NA,NA,NA,NA,NA,NA,NA,NA,NA
"263",8522,"CHN",90,NA,8.31,"","","None","S","n/p","No",FALSE,TRUE,FALSE,FALSE,"2019Ad_plus-S_104",1,FALSE,"",NA,NA,NA,NA,NA,NA,NA,NA,NA,NA,NA,NA,NA,NA,NA
"264",8522,"CHN",99,NA,11.01,"","","None","S","n/p","No",FALSE,TRUE,FALSE,FALSE,"2019Ad_plus-S_105",1,FALSE,"",NA,NA,NA,NA,NA,NA,NA,NA,NA,NA,NA,NA,NA,NA,NA
"265",8522,"CHN",90,NA,9.25,"","","None","S","n/p","No",FALSE,TRUE,FALSE,FALSE,"2019Ad_plus-S_106",1,FALSE,"",NA,NA,NA,NA,NA,NA,NA,NA,NA,NA,NA,NA,NA,NA,NA
"266",8522,"CHN",87,NA,7.51,"","","None","S","n/p","No",FALSE,TRUE,FALSE,FALSE,"2019Ad_plus-S_107",1,FALSE,"",NA,NA,NA,NA,NA,NA,NA,NA,NA,NA,NA,NA,NA,NA,NA
"267",8522,"CHN",94,NA,10.86,"","","None","S","n/p","No",FALSE,TRUE,FALSE,FALSE,"2019Ad_plus-S_108",1,FALSE,"",NA,NA,NA,NA,NA,NA,NA,NA,NA,NA,NA,NA,NA,NA,NA
"268",8522,"CHN",90,NA,7.98,"","","None","S","n/p","No",FALSE,TRUE,FALSE,FALSE,"2019Ad_plus-S_109",1,FALSE,"",NA,NA,NA,NA,NA,NA,NA,NA,NA,NA,NA,NA,NA,NA,NA
"269",8522,"CHN",90,NA,8.76,"","","None","S","n/p","No",FALSE,TRUE,FALSE,FALSE,"2019Ad_plus-S_110",1,FALSE,"",NA,NA,NA,NA,NA,NA,NA,NA,NA,NA,NA,NA,NA,NA,NA
"270",8522,"CHN",85,NA,7.12,"","","None","S","n/p","No",FALSE,TRUE,FALSE,FALSE,"2019Ad_plus-S_111",1,FALSE,"",NA,NA,NA,NA,NA,NA,NA,NA,NA,NA,NA,NA,NA,NA,NA
"271",8522,"CHN",91,NA,9.39,"","","None","S","n/p","No",FALSE,TRUE,FALSE,FALSE,"2019Ad_plus-S_112",1,FALSE,"",NA,NA,NA,NA,NA,NA,NA,NA,NA,NA,NA,NA,NA,NA,NA
"272",8522,"CHN",93,NA,9.41,"","","None","S","n/p","No",FALSE,TRUE,FALSE,FALSE,"2019Ad_plus-S_113",1,FALSE,"",NA,NA,NA,NA,NA,NA,NA,NA,NA,NA,NA,NA,NA,NA,NA
"273",8522,"CHN",87,NA,7.89,"","","None","S","n/p","No",FALSE,TRUE,FALSE,FALSE,"2019Ad_plus-S_114",1,FALSE,"",NA,NA,NA,NA,NA,NA,NA,NA,NA,NA,NA,NA,NA,NA,NA
"274",8522,"CHN",85,NA,7.47,"","","None","S","n/p","No",FALSE,TRUE,FALSE,FALSE,"2019Ad_plus-S_115",1,FALSE,"",NA,NA,NA,NA,NA,NA,NA,NA,NA,NA,NA,NA,NA,NA,NA
"275",8522,"CHN",92,NA,8.52,"","","None","S","n/p","No",FALSE,TRUE,FALSE,FALSE,"2019Ad_plus-S_116",1,FALSE,"",NA,NA,NA,NA,NA,NA,NA,NA,NA,NA,NA,NA,NA,NA,NA
"276",8522,"CHN",88,NA,8.81,"","","None","S","n/p","No",FALSE,TRUE,FALSE,FALSE,"2019Ad_plus-S_117",1,FALSE,"",NA,NA,NA,NA,NA,NA,NA,NA,NA,NA,NA,NA,NA,NA,NA
"277",8522,"CHN",92,NA,9.09,"","","None","S","n/p","No",FALSE,TRUE,FALSE,FALSE,"2019Ad_plus-S_118",1,FALSE,"",NA,NA,NA,NA,NA,NA,NA,NA,NA,NA,NA,NA,NA,NA,NA
"278",8522,"CHN",86,NA,8.02,"","","None","S","n/p","No",FALSE,TRUE,FALSE,FALSE,"2019Ad_plus-S_119",1,FALSE,"",NA,NA,NA,NA,NA,NA,NA,NA,NA,NA,NA,NA,NA,NA,NA
"279",8522,"CHN",92,NA,10.27,"","","None","S","n/p","No",FALSE,TRUE,FALSE,FALSE,"2019Ad_plus-S_120",1,FALSE,"",NA,NA,NA,NA,NA,NA,NA,NA,NA,NA,NA,NA,NA,NA,NA
"280",8522,"CHN",88,NA,8.33,"","","None","S","n/p","No",FALSE,TRUE,FALSE,FALSE,"2019Ad_plus-S_121",1,FALSE,"",NA,NA,NA,NA,NA,NA,NA,NA,NA,NA,NA,NA,NA,NA,NA
"281",8522,"CHN",86,NA,7.78,"","","None","S","n/p","No",FALSE,TRUE,FALSE,FALSE,"2019Ad_plus-S_122",1,FALSE,"",NA,NA,NA,NA,NA,NA,NA,NA,NA,NA,NA,NA,NA,NA,NA
"282",8522,"CHN",97,NA,11.28,"","","None","S","n/p","No",FALSE,TRUE,FALSE,FALSE,"2019Ad_plus-S_123",1,FALSE,"",NA,NA,NA,NA,NA,NA,NA,NA,NA,NA,NA,NA,NA,NA,NA
"283",8522,"CHN",99,NA,12.76,"","","None","S","n/p","No",FALSE,TRUE,FALSE,FALSE,"2019Ad_plus-S_124",1,FALSE,"",NA,NA,NA,NA,NA,NA,NA,NA,NA,NA,NA,NA,NA,NA,NA
"284",8522,"CHN",91,NA,9.32,"","","None","S","n/p","No",FALSE,TRUE,FALSE,FALSE,"2019Ad_plus-S_125",1,FALSE,"",NA,NA,NA,NA,NA,NA,NA,NA,NA,NA,NA,NA,NA,NA,NA
"285",8522,"CHN",98,NA,10.54,"","","None","S","n/p","No",FALSE,TRUE,FALSE,FALSE,"2019Ad_plus-S_126",1,FALSE,"",NA,NA,NA,NA,NA,NA,NA,NA,NA,NA,NA,NA,NA,NA,NA
"286",8522,"CHN",88,NA,7.69,"","","None","S","n/p","No",FALSE,TRUE,FALSE,FALSE,"2019Ad_plus-S_127",1,FALSE,"",NA,NA,NA,NA,NA,NA,NA,NA,NA,NA,NA,NA,NA,NA,NA
"287",8522,"CHN",95,NA,11.29,"","","None","S","n/p","No",FALSE,TRUE,FALSE,FALSE,"2019Ad_plus-S_128",1,FALSE,"",NA,NA,NA,NA,NA,NA,NA,NA,NA,NA,NA,NA,NA,NA,NA
"288",8522,"CHN",87,NA,8.71,"","","None","S","n/p","No",FALSE,TRUE,FALSE,FALSE,"2019Ad_plus-S_129",1,FALSE,"",NA,NA,NA,NA,NA,NA,NA,NA,NA,NA,NA,NA,NA,NA,NA
"289",8522,"CHN",89,NA,9.12,"","","None","S","n/p","No",FALSE,TRUE,FALSE,FALSE,"2019Ad_plus-S_130",1,FALSE,"",NA,NA,NA,NA,NA,NA,NA,NA,NA,NA,NA,NA,NA,NA,NA
"290",8522,"CHN",90,NA,9.74,"","","None","S","n/p","No",FALSE,TRUE,FALSE,FALSE,"2019Ad_plus-S_131",1,FALSE,"",NA,NA,NA,NA,NA,NA,NA,NA,NA,NA,NA,NA,NA,NA,NA
"291",8522,"CHN",96,NA,10.68,"","","None","S","n/p","No",FALSE,TRUE,FALSE,FALSE,"2019Ad_plus-S_132",1,FALSE,"",NA,NA,NA,NA,NA,NA,NA,NA,NA,NA,NA,NA,NA,NA,NA
"292",8522,"CHN",91,NA,9.43,"","","None","S","n/p","No",FALSE,TRUE,FALSE,FALSE,"2019Ad_plus-S_133",1,FALSE,"",NA,NA,NA,NA,NA,NA,NA,NA,NA,NA,NA,NA,NA,NA,NA
"293",8522,"CHN",87,NA,8.69,"","","None","S","n/p","No",FALSE,TRUE,FALSE,FALSE,"2019Ad_plus-S_134",1,FALSE,"",NA,NA,NA,NA,NA,NA,NA,NA,NA,NA,NA,NA,NA,NA,NA
"294",8522,"CHN",86,NA,7.67,"","","None","S","n/p","No",FALSE,TRUE,FALSE,FALSE,"2019Ad_plus-S_135",1,FALSE,"",NA,NA,NA,NA,NA,NA,NA,NA,NA,NA,NA,NA,NA,NA,NA
"295",8522,"CHN",95,NA,9.57,"","","None","S","n/p","No",FALSE,TRUE,FALSE,FALSE,"2019Ad_plus-S_136",1,FALSE,"",NA,NA,NA,NA,NA,NA,NA,NA,NA,NA,NA,NA,NA,NA,NA
"296",8522,"CHN",85,NA,7.73,"","","None","S","n/p","No",FALSE,TRUE,FALSE,FALSE,"2019Ad_plus-S_137",1,FALSE,"",NA,NA,NA,NA,NA,NA,NA,NA,NA,NA,NA,NA,NA,NA,NA
"297",8522,"CHN",88,NA,8,"","","None","S","n/p","No",FALSE,TRUE,FALSE,FALSE,"2019Ad_plus-S_138",1,FALSE,"",NA,NA,NA,NA,NA,NA,NA,NA,NA,NA,NA,NA,NA,NA,NA
"298",8522,"CHN",94,NA,10.23,"","","None","S","n/p","No",FALSE,TRUE,FALSE,FALSE,"2019Ad_plus-S_139",1,FALSE,"",NA,NA,NA,NA,NA,NA,NA,NA,NA,NA,NA,NA,NA,NA,NA
"299",8522,"CHN",92,NA,10.33,"","","None","S","n/p","No",FALSE,TRUE,FALSE,FALSE,"2019Ad_plus-S_140",1,FALSE,"",NA,NA,NA,NA,NA,NA,NA,NA,NA,NA,NA,NA,NA,NA,NA
"300",8522,"CHN",88,NA,8.15,"","","None","S","n/p","No",FALSE,TRUE,FALSE,FALSE,"2019Ad_plus-S_141",1,FALSE,"",NA,NA,NA,NA,NA,NA,NA,NA,NA,NA,NA,NA,NA,NA,NA
"301",8522,"CHN",97,NA,10.01,"","","None","S","n/p","No",FALSE,TRUE,FALSE,FALSE,"2019Ad_plus-S_142",1,FALSE,"",NA,NA,NA,NA,NA,NA,NA,NA,NA,NA,NA,NA,NA,NA,NA
"302",8522,"CHN",99,NA,11.74,"","","None","S","n/p","No",FALSE,TRUE,FALSE,FALSE,"2019Ad_plus-S_143",1,FALSE,"",NA,NA,NA,NA,NA,NA,NA,NA,NA,NA,NA,NA,NA,NA,NA
"303",8522,"CHN",98,NA,11.85,"","","None","S","n/p","No",FALSE,TRUE,FALSE,FALSE,"2019Ad_plus-S_144",1,FALSE,"",NA,NA,NA,NA,NA,NA,NA,NA,NA,NA,NA,NA,NA,NA,NA
"304",8522,"CHN",102,NA,13.65,"","","None","S","n/p","No",FALSE,TRUE,FALSE,FALSE,"2019Ad_plus-S_145",1,FALSE,"",NA,NA,NA,NA,NA,NA,NA,NA,NA,NA,NA,NA,NA,NA,NA
"305",8522,"CHN",89,NA,9.94,"","","None","S","n/p","No",FALSE,TRUE,FALSE,FALSE,"2019Ad_plus-S_146",1,FALSE,"",NA,NA,NA,NA,NA,NA,NA,NA,NA,NA,NA,NA,NA,NA,NA
"306",8522,"CHN",105,NA,13.75,"","","None","S","n/p","No",FALSE,TRUE,FALSE,FALSE,"2019Ad_plus-S_147",1,FALSE,"",NA,NA,NA,NA,NA,NA,NA,NA,NA,NA,NA,NA,NA,NA,NA
"307",8522,"CHN",88,NA,7.67,"","","None","S","n/p","No",FALSE,TRUE,FALSE,FALSE,"2019Ad_plus-S_148",1,FALSE,"",NA,NA,NA,NA,NA,NA,NA,NA,NA,NA,NA,NA,NA,NA,NA
"308",8522,"CHN",93,NA,10.09,"","","None","S","n/p","No",FALSE,TRUE,FALSE,FALSE,"2019Ad_plus-S_149",1,FALSE,"",NA,NA,NA,NA,NA,NA,NA,NA,NA,NA,NA,NA,NA,NA,NA
"309",8522,"CHN",94,NA,10.7,"","","None","S","n/p","No",FALSE,TRUE,FALSE,FALSE,"2019Ad_plus-S_150",1,FALSE,"",NA,NA,NA,NA,NA,NA,NA,NA,NA,NA,NA,NA,NA,NA,NA
"310",8522,"CHN",93,NA,9.41,"","","None","S","n/p","No",FALSE,TRUE,FALSE,FALSE,"2019Ad_plus-S_151",1,FALSE,"",NA,NA,NA,NA,NA,NA,NA,NA,NA,NA,NA,NA,NA,NA,NA
"311",8522,"CHN",91,NA,8.26,"","","None","S","n/p","No",FALSE,TRUE,FALSE,FALSE,"2019Ad_plus-S_152",1,FALSE,"",NA,NA,NA,NA,NA,NA,NA,NA,NA,NA,NA,NA,NA,NA,NA
"312",8522,"CHN",90,NA,8.17,"","","None","S","n/p","No",FALSE,TRUE,FALSE,FALSE,"2019Ad_plus-S_153",1,FALSE,"",NA,NA,NA,NA,NA,NA,NA,NA,NA,NA,NA,NA,NA,NA,NA
"313",8522,"CHN",92,NA,9.28,"","","None","S","n/p","No",FALSE,TRUE,FALSE,FALSE,"2019Ad_plus-S_154",1,FALSE,"",NA,NA,NA,NA,NA,NA,NA,NA,NA,NA,NA,NA,NA,NA,NA
"314",8522,"CHN",88,NA,8.13,"","","None","S","n/p","No",FALSE,TRUE,FALSE,FALSE,"2019Ad_plus-S_155",1,FALSE,"",NA,NA,NA,NA,NA,NA,NA,NA,NA,NA,NA,NA,NA,NA,NA
"315",8522,"CHN",86,NA,7.71,"","","None","S","n/p","No",FALSE,TRUE,FALSE,FALSE,"2019Ad_plus-S_156",1,FALSE,"",NA,NA,NA,NA,NA,NA,NA,NA,NA,NA,NA,NA,NA,NA,NA
"316",8522,"CHN",93,NA,9.65,"","","None","S","n/p","No",FALSE,TRUE,FALSE,FALSE,"2019Ad_plus-S_157",1,FALSE,"",NA,NA,NA,NA,NA,NA,NA,NA,NA,NA,NA,NA,NA,NA,NA
"317",8522,"CHN",89,NA,8.17,"","","None","S","n/p","No",FALSE,TRUE,FALSE,FALSE,"2019Ad_plus-S_158",1,FALSE,"",NA,NA,NA,NA,NA,NA,NA,NA,NA,NA,NA,NA,NA,NA,NA
"318",8522,"CHN",85,NA,8,"","","None","S","n/p","No",FALSE,TRUE,FALSE,FALSE,"2019Ad_plus-S_159",1,FALSE,"",NA,NA,NA,NA,NA,NA,NA,NA,NA,NA,NA,NA,NA,NA,NA
"319",8522,"CHN",89,NA,8.5,"","","None","S","n/p","No",FALSE,TRUE,FALSE,FALSE,"2019Ad_plus-S_160",1,FALSE,"",NA,NA,NA,NA,NA,NA,NA,NA,NA,NA,NA,NA,NA,NA,NA
"320",8522,"CHN",87,NA,7.97,"","","None","S","n/p","No",FALSE,TRUE,FALSE,FALSE,"2019Ad_plus-S_161",1,FALSE,"",NA,NA,NA,NA,NA,NA,NA,NA,NA,NA,NA,NA,NA,NA,NA
"321",8522,"CHN",87,NA,NA,"","","None","S","CHN_S","No",FALSE,TRUE,FALSE,TRUE,"2019Ad_plus-S_199",1,FALSE,"Smolting; Poor condition",NA,NA,NA,NA,NA,NA,NA,NA,NA,NA,NA,NA,NA,NA,NA
"322",8522,"CHN",90,NA,9.66,"","","None","S","CHN_S","No",FALSE,TRUE,FALSE,TRUE,"2019Ad_plus-S_200",1,FALSE,"Smolting",NA,NA,NA,NA,NA,NA,NA,NA,NA,NA,NA,NA,NA,NA,NA
"323",8522,"CHN",91,NA,8.98,"","","None","S","CHN_S","No",FALSE,TRUE,FALSE,TRUE,"2019Ad_plus-S_201",1,FALSE,"Smolting",NA,NA,NA,NA,NA,NA,NA,NA,NA,NA,NA,NA,NA,NA,NA
"324",8522,"CHN",90,NA,8.46,"","","None","S","CHN_S","No",FALSE,TRUE,FALSE,TRUE,"2019Ad_plus-S_202",1,FALSE,"Smolting",NA,NA,NA,NA,NA,NA,NA,NA,NA,NA,NA,NA,NA,NA,NA
"325",8522,"CHN",100,NA,13.05,"","","None","S","CHN_S","No",FALSE,TRUE,FALSE,TRUE,"2019Ad_plus-S_203",1,FALSE,"Smolting",NA,NA,NA,NA,NA,NA,NA,NA,NA,NA,NA,NA,NA,NA,NA
"326",8522,"CHN",88,NA,8.01,"","","None","S","CHN_S","No",FALSE,TRUE,FALSE,TRUE,"2019Ad_plus-S_212",1,FALSE,"Smolting",NA,NA,NA,NA,NA,NA,NA,NA,NA,NA,NA,NA,NA,NA,NA
"327",8522,"CHN",88,NA,8.56,"","","None","S","CHN_S","No",FALSE,TRUE,TRUE,FALSE,"2019Ad_plus-S_230",1,FALSE,"Smolting",NA,NA,NA,NA,NA,NA,NA,NA,NA,NA,NA,NA,NA,NA,NA
"328",8522,"CHN",92,NA,NA,"","","None","S","n/p","No",FALSE,TRUE,FALSE,TRUE,"2019Ad_plus-S_500",1,FALSE,"LW: 10.63; Poor condition",NA,NA,NA,NA,NA,NA,NA,NA,NA,NA,NA,NA,NA,NA,NA
"329",8522,"CHN",94,NA,NA,"","","None","S","n/p","No",FALSE,TRUE,FALSE,TRUE,"2019Ad_plus-S_501",1,FALSE,"LW: 9.92; Poor condition",NA,NA,NA,NA,NA,NA,NA,NA,NA,NA,NA,NA,NA,NA,NA
"330",8522,"CHN",94,NA,NA,"","","None","S","n/p","No",FALSE,TRUE,FALSE,TRUE,"2019Ad_plus-S_502",1,FALSE,"LW: 9.74; Poor condition",NA,NA,NA,NA,NA,NA,NA,NA,NA,NA,NA,NA,NA,NA,NA
"331",8522,"CHN",103,NA,NA,"","","None","S","n/p","No",FALSE,TRUE,FALSE,TRUE,"2019Ad_plus-S_503",1,FALSE,"LW: 14.26; poor condition",NA,NA,NA,NA,NA,NA,NA,NA,NA,NA,NA,NA,NA,NA,NA
"332",8522,"CHN",92,NA,NA,"","","None","S","n/p","No",FALSE,TRUE,FALSE,TRUE,"2019Ad_plus-S_504",1,FALSE,"LW: 11.25; Poor condition",NA,NA,NA,NA,NA,NA,NA,NA,NA,NA,NA,NA,NA,NA,NA
"333",8522,"CHN",101,NA,NA,"","","None","S","n/p","No",FALSE,TRUE,FALSE,TRUE,"2019Ad_plus-S_505",1,FALSE,"LW: 11.71; Poor condition",NA,NA,NA,NA,NA,NA,NA,NA,NA,NA,NA,NA,NA,NA,NA
"334",8522,"CHN",91,NA,NA,"","","None","S","n/p","No",FALSE,TRUE,FALSE,TRUE,"2019Ad_plus-S_506",1,FALSE,"LW: 9.12; Poor condition",NA,NA,NA,NA,NA,NA,NA,NA,NA,NA,NA,NA,NA,NA,NA
"335",8522,"CHN",99,NA,NA,"","","None","S","n/p","No",FALSE,TRUE,FALSE,TRUE,"2019Ad_plus-S_507",1,FALSE,"LW: 12.46; Poor condition",NA,NA,NA,NA,NA,NA,NA,NA,NA,NA,NA,NA,NA,NA,NA
"336",8522,"CHN",91,NA,NA,"","","None","S","n/p","No",FALSE,TRUE,FALSE,TRUE,"2019Ad_plus-S_508",1,FALSE,"LW: 8.98; Poor condition",NA,NA,NA,NA,NA,NA,NA,NA,NA,NA,NA,NA,NA,NA,NA
"337",8522,"CHN",91,NA,NA,"","","None","S","n/p","No",FALSE,TRUE,FALSE,TRUE,"2019Ad_plus-S_509",1,FALSE,"LW: 8.39;Poor condition",NA,NA,NA,NA,NA,NA,NA,NA,NA,NA,NA,NA,NA,NA,NA
"338",8522,"CHN",88,NA,NA,"","","None","S","n/p","No",FALSE,TRUE,FALSE,TRUE,"2019Ad_plus-S_510",1,FALSE,"LW: 7.09; Poor condition",NA,NA,NA,NA,NA,NA,NA,NA,NA,NA,NA,NA,NA,NA,NA
"339",8522,"CHN",92,NA,NA,"","","None","S","n/p","No",FALSE,TRUE,FALSE,TRUE,"2019Ad_plus-S_511",1,FALSE,"LW: 10.00; Poor condition",NA,NA,NA,NA,NA,NA,NA,NA,NA,NA,NA,NA,NA,NA,NA
"340",8483,"CHN",122,NA,21.34,"","","None","W","CHN_S","No",FALSE,TRUE,FALSE,FALSE,"2019Ad_plus-W_001",1,FALSE,"",NA,NA,NA,NA,NA,NA,NA,NA,NA,NA,NA,NA,NA,NA,NA
"341",8483,"CHN",103,NA,13.46,"","","None","W","CHN_S","No",FALSE,TRUE,FALSE,FALSE,"2019Ad_plus-W_002",1,FALSE,"",NA,NA,NA,NA,NA,NA,NA,NA,NA,NA,NA,NA,NA,NA,NA
"342",8483,"CHN",119,NA,19.67,"","","None","W","CHN_S","No",FALSE,TRUE,FALSE,FALSE,"2019Ad_plus-W_003",1,FALSE,"Might have had adipose fin disturbed.",NA,NA,NA,NA,NA,NA,NA,NA,NA,NA,NA,NA,NA,NA,NA
"343",8487,"CHN",128,NA,25.21,"","","None","W","n/p","No",FALSE,TRUE,FALSE,FALSE,"2019Ad_plus-W_004",1,FALSE,"",NA,NA,NA,NA,NA,NA,NA,NA,NA,NA,NA,NA,NA,NA,NA
"344",8497,"CHN",103,NA,13.38,"","","None","W","n/p","No",FALSE,TRUE,FALSE,FALSE,"2019Ad_plus-W_005",1,FALSE,"",NA,NA,NA,NA,NA,NA,NA,NA,NA,NA,NA,NA,NA,NA,NA
"345",8497,"CHN",111,NA,15.69,"","","None","W","n/p","No",FALSE,TRUE,FALSE,FALSE,"2019Ad_plus-W_006",1,FALSE,"",NA,NA,NA,NA,NA,NA,NA,NA,NA,NA,NA,NA,NA,NA,NA
"346",8505,"CHN",112,NA,17.63,"","","None","W","CHN_S","No",FALSE,TRUE,FALSE,FALSE,"2019Ad_plus-W_007",1,FALSE,"Smolting",NA,NA,NA,NA,NA,NA,NA,NA,NA,NA,NA,NA,NA,NA,NA
"347",8679,"CHN",113,NA,17.5,"","","None","W","CHN_S","No",FALSE,TRUE,FALSE,FALSE,"2019Ad_plus-W_009",1,FALSE,"",NA,NA,NA,NA,NA,NA,NA,NA,NA,NA,NA,NA,NA,NA,NA
"348",8513,"CHN",112,NA,18.82,"","","None","W","n/p","Yes",FALSE,TRUE,FALSE,TRUE,"2019Ad_plus-W_010",1,FALSE,"",NA,NA,NA,NA,NA,NA,NA,NA,NA,NA,NA,NA,NA,NA,NA
"349",8932,"CHN",69,NA,NA,"","","n/p","W","CHN_P","No",FALSE,TRUE,FALSE,FALSE,"2019Ad_plus-W_011",1,FALSE,"Condition: Good",NA,NA,NA,NA,NA,NA,NA,NA,NA,NA,NA,NA,NA,NA,NA
"350",8932,"CHN",80,NA,NA,"","","n/p","W","CHN_P","No",FALSE,TRUE,FALSE,FALSE,"2019Ad_plus-W_012",1,FALSE,"Condition: Good",NA,NA,NA,NA,NA,NA,NA,NA,NA,NA,NA,NA,NA,NA,NA
"351",8932,"CHN",56,NA,NA,"","","n/p","W","CHN_P","No",FALSE,TRUE,FALSE,FALSE,"2019Ad_plus-W_013",1,FALSE,"Condition: Good",NA,NA,NA,NA,NA,NA,NA,NA,NA,NA,NA,NA,NA,NA,NA
"352",8583,"CHN",756,815,NA,"Unknown","","None","n/p","n/p","No",FALSE,TRUE,FALSE,FALSE,"2019CHNA002",1,FALSE,"double floy tagged. Right: #521 Left: #520",NA,NA,NA,NA,NA,NA,NA,NA,NA,NA,NA,NA,NA,NA,NA
