"","RunCode","RunName","StationNumber","SAM_Code","Datetime","QST_NAME","SamplingDate"
"1","EA0713B0187","YB - Fall Study","A0D84061386","EA0713B1254",2013-07-31 12:28:00,"Toe Drain at Rd. 22",2013-07-31
"2","EA0713B0187","YB - Fall Study","A0D84061386","EA0713B1255",2013-07-31 12:28:00,"Toe Drain at Rd. 22",2013-07-31
"3","EA0713B0187","YB - Fall Study","A0D83441350","EA0713B1256",2013-07-31 05:17:00,"Toe Drain@ I-80",2013-07-31
"4","EA0713B0187","YB - Fall Study","A0D83441350","EA0713B1257",2013-07-31 05:17:00,"Toe Drain@ I-80",2013-07-31
"5","EA0713B0187","YB - Fall Study","B9D82851352","EA0713B1258",2013-07-31 14:15:00,"Toe Drain YB LISBON",2013-07-31
"6","EA0713B0187","YB - Fall Study","B9D82851352","EA0713B1259",2013-07-31 14:15:00,"Toe Drain YB LISBON",2013-07-31
"7","EA0713B0187","YB - Fall Study","A0D82691360","EA0713B1260",2013-07-31 16:07:00,"Toe Drain Bl YWA",2013-07-31
"8","EA0713B0187","YB - Fall Study","A0D82691360","EA0713B1261",2013-07-31 16:07:00,"Toe Drain Bl YWA",2013-07-31
"9","EA0713B0187","YB - Fall Study","A0D82120386","EA0713B1262",2013-07-31 16:23:00,"Toe Drain at STTD",2013-07-31
"10","EA0713B0187","YB - Fall Study","A0D82120386","EA0713B1263",2013-07-31 16:23:00,"Toe Drain at STTD",2013-07-31
"11","EA0713B0187","YB - Fall Study","B9D81651399","EA0713B1264",2013-07-31 12:06:00,"BL5 -Below Toe Drain",2013-07-31
"12","EA0713B0187","YB - Fall Study","B9D81651399","EA0713B1265",2013-07-31 12:06:00,"BL5 -Below Toe Drain",2013-07-31
"13","EA0713B0187","YB - Fall Study","B9D81450411","EA0713B1266",2013-07-31 11:50:00,"Liberty at S End",2013-07-31
"14","EA0713B0187","YB - Fall Study","B9D81450411","EA0713B1267",2013-07-31 11:50:00,"Liberty at S End",2013-07-31
"15","EA0713B0187","YB - Fall Study","B9D81281402","EA0713B1268",2013-07-31 11:31:00,"RYI - Cache Slough",2013-07-31
"16","EA0713B0187","YB - Fall Study","B9D81281402","EA0713B1269",2013-07-31 11:31:00,"RYI - Cache Slough",2013-07-31
"17","EA0713B0187","YB - Fall Study","B9D81040386","EA0713B1270",2013-07-31 11:11:00,"SRV - Vieira's",2013-07-31
"18","EA0713B0187","YB - Fall Study","B9D81040386","EA0713B1271",2013-07-31 11:11:00,"SRV - Vieira's",2013-07-31
"19","EA0713B0187","YB - Fall Study","B9D80960412","EA0713B1272",2013-07-31 10:35:00,"RVB - Rio Vista",2013-07-31
"20","EA0713B0187","YB - Fall Study","B9D80960412","EA0713B1273",2013-07-31 10:35:00,"RVB - Rio Vista",2013-07-31
"21","EA0813B0197","YB - Fall Study","A0D84061386","EA0813B1322",2013-08-06 10:53:00,"Toe Drain at Rd. 22",2013-08-06
"22","EA0813B0197","YB - Fall Study","A0D84061386","EA0813B1323",2013-08-06 10:53:00,"Toe Drain at Rd. 22",2013-08-06
"23","EA0813B0197","YB - Fall Study","A0D83441350","EA0813B1324",2013-08-06 11:29:00,"Toe Drain@ I-80",2013-08-06
"24","EA0813B0197","YB - Fall Study","A0D83441350","EA0813B1325",2013-08-06 11:29:00,"Toe Drain@ I-80",2013-08-06
"25","EA0813B0197","YB - Fall Study","A0D82691360","EA0813B1328",2013-08-06 12:27:00,"Toe Drain Bl YWA",2013-08-06
"26","EA0813B0197","YB - Fall Study","A0D82691360","EA0813B1329",2013-08-06 12:27:00,"Toe Drain Bl YWA",2013-08-06
"27","EA0813B0197","YB - Fall Study","B9D81651399","EA0813B1332",2013-08-06 10:57:00,"BL5 -Below Toe Drain",2013-08-06
"28","EA0813B0197","YB - Fall Study","B9D81651399","EA0813B1333",2013-08-06 10:57:00,"BL5 -Below Toe Drain",2013-08-06
"29","EA0813B0197","YB - Fall Study","B9D81450411","EA0813B1334",2013-08-06 10:45:00,"Liberty at S End",2013-08-06
"30","EA0813B0197","YB - Fall Study","B9D81450411","EA0813B1335",2013-08-06 10:45:00,"Liberty at S End",2013-08-06
"31","EA0813B0197","YB - Fall Study","B9D81281402","EA0813B1336",2013-08-06 10:32:00,"RYI - Cache Slough",2013-08-06
"32","EA0813B0197","YB - Fall Study","B9D81281402","EA0813B1337",2013-08-06 10:32:00,"RYI - Cache Slough",2013-08-06
"33","EA0813B0197","YB - Fall Study","B9D81040386","EA0813B1338",2013-08-06 10:15:00,"SRV - Vieira's",2013-08-06
"34","EA0813B0197","YB - Fall Study","B9D81040386","EA0813B1339",2013-08-06 10:15:00,"SRV - Vieira's",2013-08-06
"35","EA0813B0197","YB - Fall Study","B9D80960412","EA0813B1340",2013-08-06 09:58:00,"RVB - Rio Vista",2013-08-06
"36","EA0813B0197","YB - Fall Study","B9D80960412","EA0813B1341",2013-08-06 09:58:00,"RVB - Rio Vista",2013-08-06
"37","EA0813B0217","YB - Fall Study","A0D84061386","EA0813B1507",2013-08-15 11:10:00,"Toe Drain at Rd. 22",2013-08-15
"38","EA0813B0217","YB - Fall Study","A0D84061386","EA0813B1508",2013-08-15 11:10:00,"Toe Drain at Rd. 22",2013-08-15
"39","EA0813B0217","YB - Fall Study","A0D83441350","EA0813B1509",2013-08-15 12:54:00,"Toe Drain@ I-80",2013-08-15
"40","EA0813B0217","YB - Fall Study","A0D83441350","EA0813B1510",2013-08-15 12:54:00,"Toe Drain@ I-80",2013-08-15
"41","EA0813B0217","YB - Fall Study","A0D82691360","EA0813B1513",2013-08-15 14:07:00,"Toe Drain Bl YWA",2013-08-15
"42","EA0813B0217","YB - Fall Study","A0D82691360","EA0813B1514",2013-08-15 14:07:00,"Toe Drain Bl YWA",2013-08-15
"43","EA0813B0217","YB - Fall Study","A0D82120386","EA0813B1515",2013-08-15 14:36:00,"Toe Drain at STTD",2013-08-15
"44","EA0813B0217","YB - Fall Study","A0D82120386","EA0813B1516",2013-08-15 14:36:00,"Toe Drain at STTD",2013-08-15
"45","EA0813B0217","YB - Fall Study","B9D81651399","EA0813B1517",2013-08-15 11:35:00,"BL5 -Below Toe Drain",2013-08-15
"46","EA0813B0217","YB - Fall Study","B9D81651399","EA0813B1518",2013-08-15 11:35:00,"BL5 -Below Toe Drain",2013-08-15
"47","EA0813B0217","YB - Fall Study","B9D81450411","EA0813B1519",2013-08-15 11:20:00,"Liberty at S End",2013-08-15
"48","EA0813B0217","YB - Fall Study","B9D81450411","EA0813B1520",2013-08-15 11:20:00,"Liberty at S End",2013-08-15
"49","EA0813B0217","YB - Fall Study","B9D81281402","EA0813B1521",2013-08-15 11:08:00,"RYI - Cache Slough",2013-08-15
"50","EA0813B0217","YB - Fall Study","B9D81281402","EA0813B1522",2013-08-15 11:08:00,"RYI - Cache Slough",2013-08-15
"51","EA0813B0217","YB - Fall Study","B9D81040386","EA0813B1523",2013-08-15 10:50:00,"SRV - Vieira's",2013-08-15
"52","EA0813B0217","YB - Fall Study","B9D81040386","EA0813B1524",2013-08-15 10:50:00,"SRV - Vieira's",2013-08-15
"53","EA0813B0217","YB - Fall Study","B9D80960412","EA0813B1525",2013-08-15 10:30:00,"RVB - Rio Vista",2013-08-15
"54","EA0813B0217","YB - Fall Study","B9D80960412","EA0813B1526",2013-08-15 10:30:00,"RVB - Rio Vista",2013-08-15
"55","EA0813B0229","YB - Fall Study","A0D84061386","EA0813B1634",2013-08-26 10:11:00,"Toe Drain at Rd. 22",2013-08-26
"56","EA0813B0229","YB - Fall Study","A0D84061386","EA0813B1635",2013-08-26 10:11:00,"Toe Drain at Rd. 22",2013-08-26
"57","EA0813B0229","YB - Fall Study","A0D83441350","EA0813B1636",2013-08-26 10:50:00,"Toe Drain@ I-80",2013-08-26
"58","EA0813B0229","YB - Fall Study","A0D83441350","EA0813B1637",2013-08-26 10:50:00,"Toe Drain@ I-80",2013-08-26
"59","EA0813B0229","YB - Fall Study","B9D82851352","EA0813B1638",2013-08-26 11:33:00,"Toe Drain YB LISBON",2013-08-26
"60","EA0813B0229","YB - Fall Study","B9D82851352","EA0813B1639",2013-08-26 11:33:00,"Toe Drain YB LISBON",2013-08-26
"61","EA0813B0229","YB - Fall Study","A0D82691360","EA0813B1640",2013-08-26 11:50:00,"Toe Drain Bl YWA",2013-08-26
"62","EA0813B0229","YB - Fall Study","A0D82691360","EA0813B1641",2013-08-26 11:50:00,"Toe Drain Bl YWA",2013-08-26
"63","EA0813B0229","YB - Fall Study","A0D82120386","EA0813B1642",2013-08-26 10:53:00,"Toe Drain at STTD",2013-08-26
"64","EA0813B0229","YB - Fall Study","A0D82120386","EA0813B1643",2013-08-26 10:53:00,"Toe Drain at STTD",2013-08-26
"65","EA0813B0229","YB - Fall Study","B9D81651399","EA0813B1644",2013-08-26 10:36:00,"BL5 -Below Toe Drain",2013-08-26
"66","EA0813B0229","YB - Fall Study","B9D81651399","EA0813B1645",2013-08-26 10:36:00,"BL5 -Below Toe Drain",2013-08-26
"67","EA0813B0229","YB - Fall Study","B9D81450411","EA0813B1646",2013-08-26 10:22:00,"Liberty at S End",2013-08-26
"68","EA0813B0229","YB - Fall Study","B9D81450411","EA0813B1647",2013-08-26 10:22:00,"Liberty at S End",2013-08-26
"69","EA0813B0229","YB - Fall Study","B9D81281402","EA0813B1648",2013-08-26 10:06:00,"RYI - Cache Slough",2013-08-26
"70","EA0813B0229","YB - Fall Study","B9D81281402","EA0813B1649",2013-08-26 10:06:00,"RYI - Cache Slough",2013-08-26
"71","EA0813B0229","YB - Fall Study","B9D81040386","EA0813B1650",2013-08-26 09:45:00,"SRV - Vieira's",2013-08-26
"72","EA0813B0229","YB - Fall Study","B9D81040386","EA0813B1651",2013-08-26 09:45:00,"SRV - Vieira's",2013-08-26
"73","EA0813B0229","YB - Fall Study","B9D80960412","EA0813B1652",2013-08-26 09:29:00,"RVB - Rio Vista",2013-08-26
"74","EA0813B0229","YB - Fall Study","B9D80960412","EA0813B1653",2013-08-26 09:29:00,"RVB - Rio Vista",2013-08-26
"75","EA0913B0247","YB - Fall Study","A0D84061386","EA0913B1794",2013-09-05 10:03:00,"Toe Drain at Rd. 22",2013-09-05
"76","EA0913B0247","YB - Fall Study","A0D84061386","EA0913B1795",2013-09-05 10:03:00,"Toe Drain at Rd. 22",2013-09-05
"77","EA0913B0247","YB - Fall Study","A0D83441350","EA0913B1796",2013-09-05 10:32:00,"Toe Drain@ I-80",2013-09-05
"78","EA0913B0247","YB - Fall Study","A0D83441350","EA0913B1797",2013-09-05 10:32:00,"Toe Drain@ I-80",2013-09-05
"79","EA0913B0247","YB - Fall Study","A0D82691360","EA0913B1800",2013-09-05 12:20:00,"Toe Drain Bl YWA",2013-09-05
"80","EA0913B0247","YB - Fall Study","A0D82691360","EA0913B1801",2013-09-05 12:20:00,"Toe Drain Bl YWA",2013-09-05
"81","EA0913B0247","YB - Fall Study","B9D81651399","EA0913B1804",2013-09-05 12:30:00,"BL5 -Below Toe Drain",2013-09-05
"82","EA0913B0247","YB - Fall Study","B9D81651399","EA0913B1805",2013-09-05 12:30:00,"BL5 -Below Toe Drain",2013-09-05
"83","EA0913B0247","YB - Fall Study","B9D81450411","EA0913B1806",2013-09-05 12:45:00,"Liberty at S End",2013-09-05
"84","EA0913B0247","YB - Fall Study","B9D81450411","EA0913B1807",2013-09-05 12:45:00,"Liberty at S End",2013-09-05
"85","EA0913B0247","YB - Fall Study","B9D81281402","EA0913B1808",2013-09-05 13:03:00,"RYI - Cache Slough",2013-09-05
"86","EA0913B0247","YB - Fall Study","B9D81281402","EA0913B1809",2013-09-05 13:03:00,"RYI - Cache Slough",2013-09-05
"87","EA0913B0247","YB - Fall Study","B9D81040386","EA0913B1810",2013-09-05 13:20:00,"SRV - Vieira's",2013-09-05
"88","EA0913B0247","YB - Fall Study","B9D81040386","EA0913B1811",2013-09-05 13:20:00,"SRV - Vieira's",2013-09-05
"89","EA0913B0247","YB - Fall Study","B9D80960412","EA0913B1812",2013-09-05 13:43:00,"RVB - Rio Vista",2013-09-05
"90","EA0913B0247","YB - Fall Study","B9D80960412","EA0913B1813",2013-09-05 13:43:00,"RVB - Rio Vista",2013-09-05
"91","EA0913B0254","YB - Fall Study","A0D84761435","EA0913B1923",2013-09-12 09:35:00,"Ridge Cut Slough",2013-09-12
"92","EA0913B0254","YB - Fall Study","A0D84761435","EA0913B1924",2013-09-12 09:35:00,"Ridge Cut Slough",2013-09-12
"93","EA0913B0254","YB - Fall Study","A0D84061386","EA0913B1925",2013-09-12 10:57:00,"Toe Drain at Rd. 22",2013-09-12
"94","EA0913B0254","YB - Fall Study","A0D84061386","EA0913B1926",2013-09-12 10:57:00,"Toe Drain at Rd. 22",2013-09-12
"95","EA0913B0254","YB - Fall Study","A0D83441350","EA0913B1927",2013-09-12 12:20:00,"Toe Drain@ I-80",2013-09-12
"96","EA0913B0254","YB - Fall Study","A0D83441350","EA0913B1928",2013-09-12 12:20:00,"Toe Drain@ I-80",2013-09-12
"97","EA0913B0254","YB - Fall Study","A0D82691360","EA0913B1931",2013-09-12 15:10:00,"Toe Drain Bl YWA",2013-09-12
"98","EA0913B0254","YB - Fall Study","A0D82691360","EA0913B1932",2013-09-12 15:10:00,"Toe Drain Bl YWA",2013-09-12
"99","EA0913B0254","YB - Fall Study","A0D82120386","EA0913B1933",2013-09-12 10:50:00,"Toe Drain at STTD",2013-09-12
"100","EA0913B0254","YB - Fall Study","A0D82120386","EA0913B1934",2013-09-12 10:50:00,"Toe Drain at STTD",2013-09-12
"101","EA0913B0254","YB - Fall Study","B9D81651399","EA0913B1935",2013-09-12 11:10:00,"BL5 -Below Toe Drain",2013-09-12
"102","EA0913B0254","YB - Fall Study","B9D81651399","EA0913B1936",2013-09-12 11:10:00,"BL5 -Below Toe Drain",2013-09-12
"103","EA0913B0254","YB - Fall Study","B9D81450411","EA0913B1937",2013-09-12 11:37:00,"Liberty at S End",2013-09-12
"104","EA0913B0254","YB - Fall Study","B9D81450411","EA0913B1938",2013-09-12 11:37:00,"Liberty at S End",2013-09-12
"105","EA0913B0254","YB - Fall Study","B9D81281402","EA0913B1939",2013-09-12 11:49:00,"RYI - Cache Slough",2013-09-12
"106","EA0913B0254","YB - Fall Study","B9D81281402","EA0913B1940",2013-09-12 11:49:00,"RYI - Cache Slough",2013-09-12
"107","EA0913B0254","YB - Fall Study","B9D81040386","EA0913B1941",2013-09-12 12:09:00,"SRV - Vieira's",2013-09-12
"108","EA0913B0254","YB - Fall Study","B9D81040386","EA0913B1942",2013-09-12 12:09:00,"SRV - Vieira's",2013-09-12
"109","EA0913B0254","YB - Fall Study","B9D80960412","EA0913B1943",2013-09-12 12:24:00,"RVB - Rio Vista",2013-09-12
"110","EA0913B0254","YB - Fall Study","B9D80960412","EA0913B1944",2013-09-12 12:24:00,"RVB - Rio Vista",2013-09-12
"111","EA0913B0265","YB - Fall Study","A0D84761435","EA0913B2048",2013-09-17 09:25:00,"Ridge Cut Slough",2013-09-17
"112","EA0913B0265","YB - Fall Study","A0D84761435","EA0913B2049",2013-09-17 09:25:00,"Ridge Cut Slough",2013-09-17
"113","EA0913B0265","YB - Fall Study","A0D84061386","EA0913B2050",2013-09-17 10:39:00,"Toe Drain at Rd. 22",2013-09-17
"114","EA0913B0265","YB - Fall Study","A0D84061386","EA0913B2051",2013-09-17 10:39:00,"Toe Drain at Rd. 22",2013-09-17
"115","EA0913B0265","YB - Fall Study","A0D83441350","EA0913B2052",2013-09-17 11:21:00,"Toe Drain@ I-80",2013-09-17
"116","EA0913B0265","YB - Fall Study","A0D83441350","EA0913B2053",2013-09-17 11:21:00,"Toe Drain@ I-80",2013-09-17
"117","EA0913B0265","YB - Fall Study","A0D82691360","EA0913B2056",2013-09-17 12:14:00,"Toe Drain Bl YWA",2013-09-17
"118","EA0913B0265","YB - Fall Study","A0D82691360","EA0913B2057",2013-09-17 12:14:00,"Toe Drain Bl YWA",2013-09-17
"119","EA0913B0265","YB - Fall Study","A0D82691360","EA0913B2059",2013-09-17 11:15:00,"Toe Drain Bl YWA",2013-09-17
"120","EA0913B0265","YB - Fall Study","B9D81651399","EA0913B2060",2013-09-17 12:01:00,"BL5 -Below Toe Drain",2013-09-17
"121","EA0913B0265","YB - Fall Study","B9D81651399","EA0913B2061",2013-09-17 12:01:00,"BL5 -Below Toe Drain",2013-09-17
"122","EA0913B0265","YB - Fall Study","B9D81450411","EA0913B2062",2013-09-17 12:18:00,"Liberty at S End",2013-09-17
"123","EA0913B0265","YB - Fall Study","B9D81450411","EA0913B2063",2013-09-17 12:18:00,"Liberty at S End",2013-09-17
"124","EA0913B0265","YB - Fall Study","B9D81281402","EA0913B2064",2013-09-17 12:43:00,"RYI - Cache Slough",2013-09-17
"125","EA0913B0265","YB - Fall Study","B9D81281402","EA0913B2065",2013-09-17 12:43:00,"RYI - Cache Slough",2013-09-17
"126","EA0913B0265","YB - Fall Study","B9D81040386","EA0913B2066",2013-09-17 13:00:00,"SRV - Vieira's",2013-09-17
"127","EA0913B0265","YB - Fall Study","B9D81040386","EA0913B2067",2013-09-17 13:00:00,"SRV - Vieira's",2013-09-17
"128","EA0913B0265","YB - Fall Study","B9D80960412","EA0913B2068",2013-09-17 13:20:00,"RVB - Rio Vista",2013-09-17
"129","EA0913B0265","YB - Fall Study","B9D80960412","EA0913B2069",2013-09-17 13:20:00,"RVB - Rio Vista",2013-09-17
"130","EA0913B0271","YB - Fall Study","A0D84761435","EA0913B2134",2013-09-23 09:20:00,"Ridge Cut Slough",2013-09-23
"131","EA0913B0271","YB - Fall Study","A0D84761435","EA0913B2135",2013-09-23 09:20:00,"Ridge Cut Slough",2013-09-23
"132","EA0913B0271","YB - Fall Study","A0D84061386","EA0913B2136",2013-09-23 11:50:00,"Toe Drain at Rd. 22",2013-09-23
"133","EA0913B0271","YB - Fall Study","A0D84061386","EA0913B2137",2013-09-23 11:50:00,"Toe Drain at Rd. 22",2013-09-23
"134","EA0913B0271","YB - Fall Study","A0D83441350","EA0913B2138",2013-09-23 12:35:00,"Toe Drain@ I-80",2013-09-23
"135","EA0913B0271","YB - Fall Study","A0D83441350","EA0913B2139",2013-09-23 12:35:00,"Toe Drain@ I-80",2013-09-23
"136","EA0913B0271","YB - Fall Study","A0D82691360","EA0913B2142",2013-09-23 13:25:00,"Toe Drain Bl YWA",2013-09-23
"137","EA0913B0271","YB - Fall Study","A0D82691360","EA0913B2143",2013-09-23 13:25:00,"Toe Drain Bl YWA",2013-09-23
"138","EA0913B0271","YB - Fall Study","A0D82120386","EA0913B2144",2013-09-23 11:45:00,"Toe Drain at STTD",2013-09-23
"139","EA0913B0271","YB - Fall Study","A0D82120386","EA0913B2145",2013-09-23 11:45:00,"Toe Drain at STTD",2013-09-23
"140","EA0913B0271","YB - Fall Study","B9D81651399","EA0913B2146",2013-09-23 11:20:00,"BL5 -Below Toe Drain",2013-09-23
"141","EA0913B0271","YB - Fall Study","B9D81651399","EA0913B2147",2013-09-23 11:20:00,"BL5 -Below Toe Drain",2013-09-23
"142","EA0913B0271","YB - Fall Study","B9D81450411","EA0913B2148",2013-09-23 11:14:00,"Liberty at S End",2013-09-23
"143","EA0913B0271","YB - Fall Study","B9D81450411","EA0913B2149",2013-09-23 11:14:00,"Liberty at S End",2013-09-23
"144","EA0913B0271","YB - Fall Study","B9D81281402","EA0913B2150",2013-09-23 10:51:00,"RYI - Cache Slough",2013-09-23
"145","EA0913B0271","YB - Fall Study","B9D81281402","EA0913B2151",2013-09-23 10:51:00,"RYI - Cache Slough",2013-09-23
"146","EA0913B0271","YB - Fall Study","B9D81040386","EA0913B2152",2013-09-23 10:42:00,"SRV - Vieira's",2013-09-23
"147","EA0913B0271","YB - Fall Study","B9D81040386","EA0913B2153",2013-09-23 10:42:00,"SRV - Vieira's",2013-09-23
"148","EA0913B0271","YB - Fall Study","B9D80960412","EA0913B2154",2013-09-23 10:15:00,"RVB - Rio Vista",2013-09-23
"149","EA0913B0271","YB - Fall Study","B9D80960412","EA0913B2155",2013-09-23 10:15:00,"RVB - Rio Vista",2013-09-23
"150","EA0913B0271","YB - Fall Study","A0D84331398","EA0913B2207",2013-09-23 09:55:00,"Wallace Weir",2013-09-23
"151","EA0913B0271","YB - Fall Study","A0D84331398","EA0913B2208",2013-09-23 09:55:00,"Wallace Weir",2013-09-23
"152","EA0913B0276","YB - Fall Study","A0D84761435","EA0913B2224",2013-09-26 09:45:00,"Ridge Cut Slough",2013-09-26
"153","EA0913B0276","YB - Fall Study","A0D84761435","EA0913B2225",2013-09-26 09:45:00,"Ridge Cut Slough",2013-09-26
"154","EA0913B0276","YB - Fall Study","A0D84061386","EA0913B2226",2013-09-26 11:08:00,"Toe Drain at Rd. 22",2013-09-26
"155","EA0913B0276","YB - Fall Study","A0D84061386","EA0913B2227",2013-09-26 11:08:00,"Toe Drain at Rd. 22",2013-09-26
"156","EA0913B0276","YB - Fall Study","A0D83441350","EA0913B2228",2013-09-26 11:44:00,"Toe Drain@ I-80",2013-09-26
"157","EA0913B0276","YB - Fall Study","A0D83441350","EA0913B2229",2013-09-26 11:44:00,"Toe Drain@ I-80",2013-09-26
"158","EA0913B0276","YB - Fall Study","A0D82691360","EA0913B2232",2013-09-26 12:36:00,"Toe Drain Bl YWA",2013-09-26
"159","EA0913B0276","YB - Fall Study","A0D82691360","EA0913B2233",2013-09-26 12:36:00,"Toe Drain Bl YWA",2013-09-26
"160","EA0913B0276","YB - Fall Study","A0D82120386","EA0913B2234",2013-09-26 13:12:00,"Toe Drain at STTD",2013-09-26
"161","EA0913B0276","YB - Fall Study","A0D82120386","EA0913B2235",2013-09-26 13:12:00,"Toe Drain at STTD",2013-09-26
"162","EA0913B0276","YB - Fall Study","B9D81651399","EA0913B2236",2013-09-26 11:20:00,"BL5 -Below Toe Drain",2013-09-26
"163","EA0913B0276","YB - Fall Study","B9D81651399","EA0913B2237",2013-09-26 11:20:00,"BL5 -Below Toe Drain",2013-09-26
"164","EA0913B0276","YB - Fall Study","B9D81450411","EA0913B2238",2013-09-26 11:35:00,"Liberty at S End",2013-09-26
"165","EA0913B0276","YB - Fall Study","B9D81450411","EA0913B2239",2013-09-26 11:35:00,"Liberty at S End",2013-09-26
"166","EA0913B0276","YB - Fall Study","B9D81281402","EA0913B2240",2013-09-26 12:00:00,"RYI - Cache Slough",2013-09-26
"167","EA0913B0276","YB - Fall Study","B9D81281402","EA0913B2241",2013-09-26 12:00:00,"RYI - Cache Slough",2013-09-26
"168","EA0913B0276","YB - Fall Study","B9D81040386","EA0913B2242",2013-09-26 12:23:00,"SRV - Vieira's",2013-09-26
"169","EA0913B0276","YB - Fall Study","B9D81281402","EA0913B2243",2013-09-26 12:23:00,"RYI - Cache Slough",2013-09-26
"170","EA0913B0276","YB - Fall Study","B9D80960412","EA0913B2244",2013-09-26 12:40:00,"RVB - Rio Vista",2013-09-26
"171","EA0913B0276","YB - Fall Study","B9D80960412","EA0913B2245",2013-09-26 12:40:00,"RVB - Rio Vista",2013-09-26
"172","EA0913B0276","YB - Fall Study","A0D84331398","EA0913B2246",2013-09-26 10:21:00,"Wallace Weir",2013-09-26
"173","EA0913B0276","YB - Fall Study","A0D84331398","EA0913B2247",2013-09-26 10:21:00,"Wallace Weir",2013-09-26
"174","EA1013B0287","YB - Fall Study","A0D84761435","EA1013B2352",2013-10-01 09:46:00,"Ridge Cut Slough",2013-10-01
"175","EA1013B0287","YB - Fall Study","A0D84761435","EA1013B2353",2013-10-01 09:46:00,"Ridge Cut Slough",2013-10-01
"176","EA1013B0287","YB - Fall Study","A0D84061386","EA1013B2354",2013-10-01 11:50:00,"Toe Drain at Rd. 22",2013-10-01
"177","EA1013B0287","YB - Fall Study","A0D84061386","EA1013B2355",2013-10-01 11:50:00,"Toe Drain at Rd. 22",2013-10-01
"178","EA1013B0287","YB - Fall Study","A0D83441350","EA1013B2356",2013-10-01 13:00:00,"Toe Drain@ I-80",2013-10-01
"179","EA1013B0287","YB - Fall Study","A0D83441350","EA1013B2357",2013-10-01 13:00:00,"Toe Drain@ I-80",2013-10-01
"180","EA1013B0287","YB - Fall Study","A0D82691360","EA1013B2360",2013-10-01 13:47:00,"Toe Drain Bl YWA",2013-10-01
"181","EA1013B0287","YB - Fall Study","A0D82691360","EA1013B2361",2013-10-01 13:47:00,"Toe Drain Bl YWA",2013-10-01
"182","EA1013B0287","YB - Fall Study","A0D82120386","EA1013B2362",2013-10-01 11:03:00,"Toe Drain at STTD",2013-10-01
"183","EA1013B0287","YB - Fall Study","A0D82120386","EA1013B2363",2013-10-01 11:03:00,"Toe Drain at STTD",2013-10-01
"184","EA1013B0287","YB - Fall Study","B9D81651399","EA1013B2364",2013-10-01 11:32:00,"BL5 -Below Toe Drain",2013-10-01
"185","EA1013B0287","YB - Fall Study","B9D81651399","EA1013B2365",2013-10-01 11:32:00,"BL5 -Below Toe Drain",2013-10-01
"186","EA1013B0287","YB - Fall Study","B9D81450411","EA1013B2366",2013-10-01 11:50:00,"Liberty at S End",2013-10-01
"187","EA1013B0287","YB - Fall Study","B9D81450411","EA1013B2367",2013-10-01 11:50:00,"Liberty at S End",2013-10-01
"188","EA1013B0287","YB - Fall Study","B9D81281402","EA1013B2368",2013-10-01 12:00:00,"RYI - Cache Slough",2013-10-01
"189","EA1013B0287","YB - Fall Study","B9D81281402","EA1013B2369",2013-10-01 12:00:00,"RYI - Cache Slough",2013-10-01
"190","EA1013B0287","YB - Fall Study","B9D81040386","EA1013B2370",2013-10-01 12:19:00,"SRV - Vieira's",2013-10-01
"191","EA1013B0287","YB - Fall Study","B9D81040386","EA1013B2371",2013-10-01 12:19:00,"SRV - Vieira's",2013-10-01
"192","EA1013B0287","YB - Fall Study","B9D80960412","EA1013B2372",2013-10-01 12:30:00,"RVB - Rio Vista",2013-10-01
"193","EA1013B0287","YB - Fall Study","B9D80960412","EA1013B2373",2013-10-01 12:30:00,"RVB - Rio Vista",2013-10-01
"194","EA1013B0287","YB - Fall Study","A0D84331398","EA1013B2404",2013-10-01 10:25:00,"Wallace Weir",2013-10-01
"195","EA1013B0287","YB - Fall Study","A0D84331398","EA1013B2405",2013-10-01 10:25:00,"Wallace Weir",2013-10-01
"196","ES0117B0019","Yolo Bypass 2013","(UserDefined)","ES0117B0261",2017-01-31 13:20:00,"(User Defined)",2017-01-31
"197","ES0117B0019","Yolo Bypass 2013","(UserDefined)","ES0117B0264",2017-01-31 13:20:00,"(User Defined)",2017-01-31
"198","ES0217B0023","Yolo Bypass 2013","(UserDefined)","ES0217B0303",2017-02-10 15:50:00,"(User Defined)",2017-02-10
"199","ES0217B0023","Yolo Bypass 2013","(UserDefined)","ES0217B0305",2017-02-15 12:45:00,"(User Defined)",2017-02-15
"200","ES0217B0023","Yolo Bypass 2013","(UserDefined)","ES0217B0306",2017-02-10 15:50:00,"(User Defined)",2017-02-10
"201","ES0217B0023","Yolo Bypass 2013","(UserDefined)","ES0217B0308",2017-02-15 12:45:00,"(User Defined)",2017-02-15
"202","ES0217B0030","Yolo Bypass 2013","(UserDefined)","ES0217B0400",2017-02-24 13:30:00,"(User Defined)",2017-02-24
"203","ES0217B0030","Yolo Bypass 2013","(UserDefined)","ES0217B0403",2017-02-24 13:30:00,"(User Defined)",2017-02-24
"204","ES0317B0033","Yolo Bypass 2013","(UserDefined)","ES0317B0429",2017-03-07 13:30:00,"(User Defined)",2017-03-07
"205","ES0317B0033","Yolo Bypass 2013","(UserDefined)","ES0317B0431",2017-03-07 13:30:00,"(User Defined)",2017-03-07
"206","ES0317B0042","Yolo Bypass 2013","(UserDefined)","ES0317B0550",2017-03-27 10:00:00,"(User Defined)",2017-03-27
"207","ES0317B0042","Yolo Bypass 2013","(UserDefined)","ES0317B0553",2017-03-27 10:00:00,"(User Defined)",2017-03-27
"208","ES0614B0033","Yolo Bypass 2013","A0290400","ES0614B0160",2014-06-09 10:50:00,"Lisbon Sl @Toe Drain",2014-06-09
"209","ES0616B0040","YB - Fall Study","A0D84761435","ES0616B0322",2016-06-23 08:45:00,"Ridge Cut Slough",2016-06-23
"210","ES0616B0040","YB - Fall Study","A0D84061386","ES0616B0325",2016-06-23 10:05:00,"Toe Drain at Rd. 22",2016-06-23
"211","ES0616B0040","YB - Fall Study","A0D83441350","ES0616B0327",2016-06-23 11:41:00,"Toe Drain@ I-80",2016-06-23
"212","ES0616B0040","YB - Fall Study","A0D82120386","ES0616B0329",2016-06-23 13:03:00,"Toe Drain at STTD",2016-06-23
"213","ES0616B0040","YB - Fall Study","A0D84761435","ES0616B0335",2016-06-23 08:45:00,"Ridge Cut Slough",2016-06-23
"214","ES0617B0064","YB - Fall Study","A1030000","ES0617B0984",2017-06-29 12:00:00,"Woodland Wasetwater",2017-06-29
"215","ES0617B0064","YB - Fall Study","A0033300","ES0617B0986",2017-06-29 13:56:00,"Davis Wastewater",2017-06-29
"216","ES0716B0046","YB - Fall Study","B9D81040386","ES0716B0396",2016-07-14 11:00:00,"SRV - Vieira's",2016-07-14
"217","ES0716B0048","YB - Fall Study","A1030000","ES0716B0417",2016-07-20 10:53:00,"Woodland Wasetwater",2016-07-20
"218","ES0716B0048","YB - Fall Study","A0033300","ES0716B0419",2016-07-20 12:30:00,"Davis Wastewater",2016-07-20
"219","ES0716B0049","Yolo Bypass 2013","A0200000","ES0716B0429",2016-07-20 12:51:00,"SHER",2016-07-20
"220","ES0716B0053","YB - Fall Study","A0D84761435","ES0716B0454",2016-07-28 08:10:00,"Ridge Cut Slough",2016-07-28
"221","ES0716B0053","YB - Fall Study","A1030000","ES0716B0456",2016-07-28 09:07:00,"Woodland Wasetwater",2016-07-28
"222","ES0716B0053","YB - Fall Study","A0D84061386","ES0716B0457",2016-07-28 09:35:00,"Toe Drain at Rd. 22",2016-07-28
"223","ES0716B0053","YB - Fall Study","A0033300","ES0716B0458",2016-07-28 10:15:00,"Davis Wastewater",2016-07-28
"224","ES0716B0053","YB - Fall Study","A0D83441350","ES0716B0459",2016-07-28 10:40:00,"Toe Drain@ I-80",2016-07-28
"225","ES0716B0053","YB - Fall Study","B9D82851352","ES0716B0460",2016-07-28 11:16:00,"Toe Drain YB LISBON",2016-07-28
"226","ES0716B0053","YB - Fall Study","A0D82120386","ES0716B0461",2016-07-28 09:48:00,"Toe Drain at STTD",2016-07-28
"227","ES0716B0053","YB - Fall Study","B9D81651399","ES0716B0462",2016-07-28 11:15:00,"BL5 -Below Toe Drain",2016-07-28
"228","ES0716B0053","YB - Fall Study","B9D81450411","ES0716B0463",2016-07-28 11:35:00,"Liberty at S End",2016-07-28
"229","ES0716B0053","YB - Fall Study","B9D81281402","ES0716B0464",2016-07-28 11:48:00,"RYI - Cache Slough",2016-07-28
"230","ES0716B0053","YB - Fall Study","B9D81040386","ES0716B0465",2016-07-28 12:05:00,"SRV - Vieira's",2016-07-28
"231","ES0716B0053","YB - Fall Study","B9D80960412","ES0716B0466",2016-07-28 12:17:00,"RVB - Rio Vista",2016-07-28
"232","ES0716B0053","YB - Fall Study","B9D81450411","ES0716B0467",2016-07-28 11:35:00,"Liberty at S End",2016-07-28
"233","ES0717B0066","YB - Fall Study","A0D84761435","ES0717B1005",2017-07-06 08:57:00,"Ridge Cut Slough",2017-07-06
"234","ES0717B0066","YB - Fall Study","A1030000","ES0717B1006",2017-07-06 09:30:00,"Woodland Wasetwater",2017-07-06
"235","ES0717B0066","YB - Fall Study","A0D84061386","ES0717B1007",2017-07-06 09:51:00,"Toe Drain at Rd. 22",2017-07-06
"236","ES0717B0066","YB - Fall Study","A0033300","ES0717B1008",2017-07-06 10:42:00,"Davis Wastewater",2017-07-06
"237","ES0717B0066","YB - Fall Study","A0D83441350","ES0717B1009",2017-07-06 11:01:00,"Toe Drain@ I-80",2017-07-06
"238","ES0717B0066","YB - Fall Study","B9D82851352","ES0717B1010",2017-07-06 11:38:00,"Toe Drain YB LISBON",2017-07-06
"239","ES0814B0038","YB - Fall Study from 0310 -KP","A0D84761435","ES0814B0183",2014-08-04 00:00:00,"Ridge Cut Slough",2014-08-04
"240","ES0814B0039","YB - Fall Study from 0310 -KP","A0D84761435","ES0814B0208",2014-08-04 00:00:00,"Ridge Cut Slough",2014-08-04
"241","ES0814B0039","YB - Fall Study from 0310 -KP","A1030000","ES0814B0209",2014-08-04 00:00:00,"Woodland Wasetwater",2014-08-04
"242","ES0814B0039","YB - Fall Study from 0310 -KP","A0D84061386","ES0814B0210",2014-08-04 00:00:00,"Toe Drain at Rd. 22",2014-08-04
"243","ES0814B0039","YB - Fall Study from 0310 -KP","A0033300","ES0814B0211",2014-08-04 00:00:00,"Davis Wastewater",2014-08-04
"244","ES0814B0039","YB - Fall Study from 0310 -KP","A0D83441350","ES0814B0212",2014-08-04 00:00:00,"Toe Drain@ I-80",2014-08-04
"245","ES0814B0039","YB - Fall Study from 0310 -KP","A0D82120386","ES0814B0214",2014-08-04 00:00:00,"Toe Drain at STTD",2014-08-04
"246","ES0814B0039","YB - Fall Study from 0310 -KP","B9D81651399","ES0814B0215",2014-08-04 00:00:00,"BL5 -Below Toe Drain",2014-08-04
"247","ES0814B0039","YB - Fall Study from 0310 -KP","B9D81450411","ES0814B0216",2014-08-04 00:00:00,"Liberty at S End",2014-08-04
"248","ES0814B0039","YB - Fall Study from 0310 -KP","B9D81281402","ES0814B0217",2014-08-04 00:00:00,"RYI - Cache Slough",2014-08-04
"249","ES0814B0039","YB - Fall Study from 0310 -KP","B9D81040386","ES0814B0218",2014-08-04 00:00:00,"SRV - Vieira's",2014-08-04
"250","ES0814B0039","YB - Fall Study from 0310 -KP","B9D80960412","ES0814B0219",2014-08-04 00:00:00,"RVB - Rio Vista",2014-08-04
"251","ES0814B0042","YB - Fall Study","A0L842113852","ES0814B0261",2014-08-06 10:34:00,"Knaggs Ranch - Oulet",2014-08-06
"252","ES0814B0048","YB - Fall Study","A0L842113852","ES0814B0316",2014-08-21 09:23:00,"Knaggs Ranch - Oulet",2014-08-21
"253","ES0814B0052","YB - Fall Study","A0L842113852","ES0814B0356",2014-08-27 09:30:00,"Knaggs Ranch - Oulet",2014-08-27
"254","ES0815B0045","YB - Fall Study","A0L842113852","ES0815B0245",2015-08-03 08:45:00,"Knaggs Ranch - Oulet",2015-08-03
"255","ES0815B0045","YB - Fall Study","A1030000","ES0815B0246",2015-08-03 09:11:00,"Woodland Wasetwater",2015-08-03
"256","ES0815B0045","YB - Fall Study","A0D84061386","ES0815B0247",2015-08-03 09:30:00,"Toe Drain at Rd. 22",2015-08-03
"257","ES0815B0045","YB - Fall Study","A0033300","ES0815B0248",2015-08-03 10:20:00,"Davis Wastewater",2015-08-03
"258","ES0815B0045","YB - Fall Study","A0D83441350","ES0815B0249",2015-08-03 10:45:00,"Toe Drain@ I-80",2015-08-03
"259","ES0815B0045","YB - Fall Study","B9D82851352","ES0815B0250",2015-08-03 11:16:00,"Toe Drain YB LISBON",2015-08-03
"260","ES0815B0045","YB - Fall Study","A0D84061386","ES0815B0257",2015-08-03 09:30:00,"Toe Drain at Rd. 22",2015-08-03
"261","ES0815B0048","YB - Fall Study","A0D84761435","ES0815B0373",2015-08-13 08:36:00,"Ridge Cut Slough",2015-08-13
"262","ES0815B0048","YB - Fall Study","A1030000","ES0815B0374",2015-08-13 10:26:00,"Woodland Wasetwater",2015-08-13
"263","ES0815B0048","YB - Fall Study","A0D84061386","ES0815B0375",2015-08-13 10:49:00,"Toe Drain at Rd. 22",2015-08-13
"264","ES0815B0048","YB - Fall Study","A0033300","ES0815B0376",2015-08-13 11:20:00,"Davis Wastewater",2015-08-13
"265","ES0815B0048","YB - Fall Study","A0D83441350","ES0815B0377",2015-08-13 11:50:00,"Toe Drain@ I-80",2015-08-13
"266","ES0815B0048","YB - Fall Study","B9D82851352","ES0815B0378",2015-08-13 12:05:00,"Toe Drain YB LISBON",2015-08-13
"267","ES0815B0048","YB - Fall Study","A0D82120386","ES0815B0379",2015-08-13 09:55:00,"Toe Drain at STTD",2015-08-13
"268","ES0815B0048","YB - Fall Study","B9D81651399","ES0815B0380",2015-08-13 10:20:00,"BL5 -Below Toe Drain",2015-08-13
"269","ES0815B0048","YB - Fall Study","B9D81450411","ES0815B0381",2015-08-13 10:35:00,"Liberty at S End",2015-08-13
"270","ES0815B0048","YB - Fall Study","B9D81281402","ES0815B0382",2015-08-13 10:45:00,"RYI - Cache Slough",2015-08-13
"271","ES0815B0048","YB - Fall Study","B9D81040386","ES0815B0383",2015-08-13 11:00:00,"SRV - Vieira's",2015-08-13
"272","ES0815B0048","YB - Fall Study","B9D80960412","ES0815B0384",2015-08-13 11:10:00,"RVB - Rio Vista",2015-08-13
"273","ES0815B0048","YB - Fall Study","B9D81651399","ES0815B0385",2015-08-13 10:20:00,"BL5 -Below Toe Drain",2015-08-13
"274","ES0815B0050","YB - Fall Study","A0L842113852","ES0815B0394",2015-08-13 09:51:00,"Knaggs Ranch - Oulet",2015-08-13
"275","ES0815B0052","YB - Fall Study","A0D84761435","ES0815B0413",2015-08-18 06:55:00,"Ridge Cut Slough",2015-08-18
"276","ES0815B0052","YB - Fall Study","A1030000","ES0815B0414",2015-08-19 10:12:00,"Woodland Wasetwater",2015-08-19
"277","ES0815B0052","YB - Fall Study","A0D84061386","ES0815B0415",2015-08-18 15:40:00,"Toe Drain at Rd. 22",2015-08-18
"278","ES0815B0052","YB - Fall Study","A0033300","ES0815B0416",2015-08-18 15:04:00,"Davis Wastewater",2015-08-18
"279","ES0815B0052","YB - Fall Study","A0D83441350","ES0815B0417",2015-08-18 14:44:00,"Toe Drain@ I-80",2015-08-18
"280","ES0815B0052","YB - Fall Study","A0D84761435","ES0815B0425",2015-08-18 06:55:00,"Ridge Cut Slough",2015-08-18
"281","ES0815B0053","YB - Fall Study","A0L842113852","ES0815B0428",2015-08-18 07:19:00,"Knaggs Ranch - Oulet",2015-08-18
"282","ES0815B0055","YB - Fall Study","A0D84761435","ES0815B0447",2015-08-27 09:03:00,"Ridge Cut Slough",2015-08-27
"283","ES0815B0055","YB - Fall Study","A1030000","ES0815B0448",2015-08-27 11:30:00,"Woodland Wasetwater",2015-08-27
"284","ES0815B0055","YB - Fall Study","A0D84061386","ES0815B0449",2015-08-27 10:01:00,"Toe Drain at Rd. 22",2015-08-27
"285","ES0815B0055","YB - Fall Study","A0033300","ES0815B0450",2015-08-27 12:03:00,"Davis Wastewater",2015-08-27
"286","ES0815B0055","YB - Fall Study","A0D83441350","ES0815B0451",2015-08-27 12:24:00,"Toe Drain@ I-80",2015-08-27
"287","ES0815B0055","YB - Fall Study","B9D82851352","ES0815B0452",2015-08-27 13:52:00,"Toe Drain YB LISBON",2015-08-27
"288","ES0815B0055","YB - Fall Study","A0D82120386","ES0815B0453",2015-08-27 09:37:00,"Toe Drain at STTD",2015-08-27
"289","ES0815B0055","YB - Fall Study","B9D81651399","ES0815B0454",2015-08-27 09:50:00,"BL5 -Below Toe Drain",2015-08-27
"290","ES0815B0055","YB - Fall Study","B9D81450411","ES0815B0455",2015-08-27 10:04:00,"Liberty at S End",2015-08-27
"291","ES0815B0055","YB - Fall Study","B9D81281402","ES0815B0456",2015-08-27 10:13:00,"RYI - Cache Slough",2015-08-27
"292","ES0815B0055","YB - Fall Study","B9D81040386","ES0815B0457",2015-08-27 10:28:00,"SRV - Vieira's",2015-08-27
"293","ES0815B0055","YB - Fall Study","B9D80960412","ES0815B0458",2015-08-27 10:38:00,"RVB - Rio Vista",2015-08-27
"294","ES0815B0055","YB - Fall Study","B9D82851352","ES0815B0459",2015-08-27 13:52:00,"Toe Drain YB LISBON",2015-08-27
"295","ES0815B0057","YB - Fall Study","A0L842113852","ES0815B0465",2015-08-27 09:40:00,"Knaggs Ranch - Oulet",2015-08-27
"296","ES0816B0060","YB - Fall Study","A1030000","ES0816B0555",2016-08-03 12:03:00,"Woodland Wasetwater",2016-08-03
"297","ES0816B0060","YB - Fall Study","A0033300","ES0816B0557",2016-08-03 12:45:00,"Davis Wastewater",2016-08-03
"298","ES0816B0062","YB - Fall Study","A1030000","ES0816B0576",2016-08-09 09:20:00,"Woodland Wasetwater",2016-08-09
"299","ES0816B0062","YB - Fall Study","A0D84061386","ES0816B0577",2016-08-09 08:54:00,"Toe Drain at Rd. 22",2016-08-09
"300","ES0816B0062","YB - Fall Study","A0033300","ES0816B0578",2016-08-09 10:02:00,"Davis Wastewater",2016-08-09
"301","ES0816B0062","YB - Fall Study","A0D83441350","ES0816B0579",2016-08-09 10:26:00,"Toe Drain@ I-80",2016-08-09
"302","ES0816B0062","YB - Fall Study","B9D82851352","ES0816B0580",2016-08-09 11:09:00,"Toe Drain YB LISBON",2016-08-09
"303","ES0816B0062","YB - Fall Study","A0D82120386","ES0816B0581",2016-08-09 10:00:00,"Toe Drain at STTD",2016-08-09
"304","ES0816B0062","YB - Fall Study","B9D81651399","ES0816B0582",2016-08-09 10:15:00,"BL5 -Below Toe Drain",2016-08-09
"305","ES0816B0062","YB - Fall Study","B9D81450411","ES0816B0583",2016-08-09 10:35:00,"Liberty at S End",2016-08-09
"306","ES0816B0062","YB - Fall Study","B9D81281402","ES0816B0584",2016-08-09 10:45:00,"RYI - Cache Slough",2016-08-09
"307","ES0816B0062","YB - Fall Study","B9D81040386","ES0816B0585",2016-08-09 11:00:00,"SRV - Vieira's",2016-08-09
"308","ES0816B0062","YB - Fall Study","B9D80960412","ES0816B0586",2016-08-09 11:12:00,"RVB - Rio Vista",2016-08-09
"309","ES0816B0062","YB - Fall Study","B9D82851352","ES0816B0587",2016-08-09 11:09:00,"Toe Drain YB LISBON",2016-08-09
"310","ES0816B0064","YB - Fall Study","A1030000","ES0816B0606",2016-08-17 09:22:00,"Woodland Wasetwater",2016-08-17
"311","ES0816B0064","YB - Fall Study","A0033300","ES0816B0608",2016-08-17 10:59:00,"Davis Wastewater",2016-08-17
"312","ES0816B0068","YB - Fall Study","A1030000","ES0816B0654",2016-08-25 08:32:00,"Woodland Wasetwater",2016-08-25
"313","ES0816B0068","YB - Fall Study","A0D84061386","ES0816B0655",2016-08-25 09:08:00,"Toe Drain at Rd. 22",2016-08-25
"314","ES0816B0068","YB - Fall Study","A0033300","ES0816B0656",2016-08-25 09:46:00,"Davis Wastewater",2016-08-25
"315","ES0816B0068","YB - Fall Study","A0D83441350","ES0816B0657",2016-08-25 10:08:00,"Toe Drain@ I-80",2016-08-25
"316","ES0816B0068","YB - Fall Study","B9D82851352","ES0816B0658",2016-08-25 10:44:00,"Toe Drain YB LISBON",2016-08-25
"317","ES0816B0068","YB - Fall Study","A0D82120386","ES0816B0659",2016-08-25 10:25:00,"Toe Drain at STTD",2016-08-25
"318","ES0816B0068","YB - Fall Study","B9D81651399","ES0816B0660",2016-08-25 11:45:00,"BL5 -Below Toe Drain",2016-08-25
"319","ES0816B0068","YB - Fall Study","B9D81450411","ES0816B0661",2016-08-25 12:00:00,"Liberty at S End",2016-08-25
"320","ES0816B0068","YB - Fall Study","B9D81281402","ES0816B0662",2016-08-25 12:10:00,"RYI - Cache Slough",2016-08-25
"321","ES0816B0068","YB - Fall Study","B9D81040386","ES0816B0663",2016-08-25 12:25:00,"SRV - Vieira's",2016-08-25
"322","ES0816B0068","YB - Fall Study","B9D80960412","ES0816B0664",2016-08-25 12:35:00,"RVB - Rio Vista",2016-08-25
"323","ES0816B0068","YB - Fall Study","B9D81040386","ES0816B0665",2016-08-25 12:25:00,"SRV - Vieira's",2016-08-25
"324","ES0816B0069","YB - Fall Study","B9D80960412","ES0816B0679",2016-08-22 10:45:00,"RVB - Rio Vista",2016-08-22
"325","ES0816B0069","YB - Fall Study","B9D80960412","ES0816B0680",2016-08-22 10:45:00,"RVB - Rio Vista",2016-08-22
"326","ES0817B0075","YB - Fall Study","A1030000","ES0817B1193",2017-08-03 09:40:00,"Woodland Wasetwater",2017-08-03
"327","ES0817B0075","YB - Fall Study","A0033300","ES0817B1195",2017-08-03 11:10:00,"Davis Wastewater",2017-08-03
"328","ES0819B0023"," North Delta Flow Action","Blank; Equipment","ES0819B0258",2019-08-05 12:30:00,"Blank; Equipment",2019-08-05
"329","ES0819B0023c"," North Delta Flow Action","Blank; Equipment","ES0819B0259",2019-08-06 15:00:00,"Blank; Equipment",2019-08-06
"330","ES0819B0023ca"," North Delta Flow Action","Blank; Equipment","ES0819B0260",2019-08-07 14:00:00,"Blank; Equipment",2019-08-07
"331","ES0819B0027"," North Delta Flow Action","Blank; Equipment","ES0819B0337",2019-08-19 13:30:00,"Blank; Equipment",2019-08-19
"332","ES0819B0027aa"," North Delta Flow Action","Blank; Equipment","ES0819B0338",2019-08-20 13:30:00,"Blank; Equipment",2019-08-20
"333","ES0819B0027a"," North Delta Flow Action","Blank; Equipment","ES0819B0339",2019-08-21 16:00:00,"Blank; Equipment",2019-08-21
"334","ES0915B0058","YB - Fall Study","A0D84761435","ES0915B0478",2015-09-01 09:05:00,"Ridge Cut Slough",2015-09-01
"335","ES0915B0058","YB - Fall Study","A0L842113852","ES0915B0479",2015-09-01 09:40:00,"Knaggs Ranch - Oulet",2015-09-01
"336","ES0915B0058","YB - Fall Study","A1030000","ES0915B0480",2015-09-01 10:20:00,"Woodland Wasetwater",2015-09-01
"337","ES0915B0058","YB - Fall Study","A0D84061386","ES0915B0481",2015-09-01 10:55:00,"Toe Drain at Rd. 22",2015-09-01
"338","ES0915B0058","YB - Fall Study","A0033300","ES0915B0482",2015-09-01 11:20:00,"Davis Wastewater",2015-09-01
"339","ES0915B0058","YB - Fall Study","A0D83441350","ES0915B0483",2015-09-01 11:45:00,"Toe Drain@ I-80",2015-09-01
"340","ES0915B0058","YB - Fall Study","B9D82851352","ES0915B0484",2015-09-01 12:25:00,"Toe Drain YB LISBON",2015-09-01
"341","ES0915B0060","YB - Fall Study","A0D84761435","ES0915B0499",2015-09-10 11:00:00,"Ridge Cut Slough",2015-09-10
"342","ES0915B0060","YB - Fall Study","A0L842113852","ES0915B0500",2015-09-10 11:40:00,"Knaggs Ranch - Oulet",2015-09-10
"343","ES0915B0060","YB - Fall Study","A1030000","ES0915B0501",2015-09-10 12:11:00,"Woodland Wasetwater",2015-09-10
"344","ES0915B0060","YB - Fall Study","A0D84061386","ES0915B0502",2015-09-10 12:30:00,"Toe Drain at Rd. 22",2015-09-10
"345","ES0915B0060","YB - Fall Study","A0033300","ES0915B0503",2015-09-10 10:12:00,"Davis Wastewater",2015-09-10
"346","ES0915B0060","YB - Fall Study","A0D83441350","ES0915B0504",2015-09-10 09:52:00,"Toe Drain@ I-80",2015-09-10
"347","ES0915B0060","YB - Fall Study","B9D82851352","ES0915B0505",2015-09-10 09:15:00,"Toe Drain YB LISBON",2015-09-10
"348","ES0915B0060","YB - Fall Study","A0D82120386","ES0915B0506",2015-09-10 10:02:00,"Toe Drain at STTD",2015-09-10
"349","ES0915B0060","YB - Fall Study","B9D81651399","ES0915B0507",2015-09-10 10:20:00,"BL5 -Below Toe Drain",2015-09-10
"350","ES0915B0060","YB - Fall Study","B9D81450411","ES0915B0508",2015-09-10 10:32:00,"Liberty at S End",2015-09-10
"351","ES0915B0060","YB - Fall Study","B9D81281402","ES0915B0509",2015-09-10 10:50:00,"RYI - Cache Slough",2015-09-10
"352","ES0915B0060","YB - Fall Study","B9D81040386","ES0915B0510",2015-09-10 11:00:00,"SRV - Vieira's",2015-09-10
"353","ES0915B0060","YB - Fall Study","B9D80960412","ES0915B0511",2015-09-10 11:12:00,"RVB - Rio Vista",2015-09-10
"354","ES0915B0060","YB - Fall Study","A0D84061386","ES0915B0512",2015-09-10 12:30:00,"Toe Drain at Rd. 22",2015-09-10
"355","ES0915B0061","YB - Fall Study","A0D84761435","ES0915B0514",2015-09-15 15:11:00,"Ridge Cut Slough",2015-09-15
"356","ES0915B0061","YB - Fall Study","A0L842113852","ES0915B0515",2015-09-15 15:36:00,"Knaggs Ranch - Oulet",2015-09-15
"357","ES0915B0061","YB - Fall Study","A1030000","ES0915B0516",2015-09-15 16:00:00,"Woodland Wasetwater",2015-09-15
"358","ES0915B0061","YB - Fall Study","A0D84061386","ES0915B0517",2015-09-15 14:45:00,"Toe Drain at Rd. 22",2015-09-15
"359","ES0915B0061","YB - Fall Study","A0033300","ES0915B0518",2015-09-15 07:25:00,"Davis Wastewater",2015-09-15
"360","ES0915B0061","YB - Fall Study","A0D83441350","ES0915B0519",2015-09-15 07:48:00,"Toe Drain@ I-80",2015-09-15
"361","ES0915B0064","YB - Fall Study","A0D84761435","ES0915B0538",2015-09-21 09:03:00,"Ridge Cut Slough",2015-09-21
"362","ES0915B0064","YB - Fall Study","A0L842113852","ES0915B0539",2015-09-21 09:28:00,"Knaggs Ranch - Oulet",2015-09-21
"363","ES0915B0064","YB - Fall Study","A1030000","ES0915B0540",2015-09-21 09:57:00,"Woodland Wasetwater",2015-09-21
"364","ES0915B0064","YB - Fall Study","A0D84061386","ES0915B0541",2015-09-21 10:19:00,"Toe Drain at Rd. 22",2015-09-21
"365","ES0915B0064","YB - Fall Study","A0033300","ES0915B0542",2015-09-21 10:54:00,"Davis Wastewater",2015-09-21
"366","ES0915B0064","YB - Fall Study","A0D83441350","ES0915B0543",2015-09-21 11:16:00,"Toe Drain@ I-80",2015-09-21
"367","ES0915B0064","YB - Fall Study","B9D82851352","ES0915B0544",2015-09-21 11:48:00,"Toe Drain YB LISBON",2015-09-21
"368","ES0915B0064","YB - Fall Study","A0D82120386","ES0915B0545",2015-09-21 10:26:00,"Toe Drain at STTD",2015-09-21
"369","ES0915B0064","YB - Fall Study","B9D81651399","ES0915B0546",2015-09-21 10:44:00,"BL5 -Below Toe Drain",2015-09-21
"370","ES0915B0064","YB - Fall Study","B9D81450411","ES0915B0547",2015-09-21 10:55:00,"Liberty at S End",2015-09-21
"371","ES0915B0064","YB - Fall Study","B9D81281402","ES0915B0548",2015-09-21 11:05:00,"RYI - Cache Slough",2015-09-21
"372","ES0915B0064","YB - Fall Study","B9D81040386","ES0915B0549",2015-09-21 11:20:00,"SRV - Vieira's",2015-09-21
"373","ES0915B0064","YB - Fall Study","B9D80960412","ES0915B0550",2015-09-21 11:35:00,"RVB - Rio Vista",2015-09-21
"374","ES0915B0064","YB - Fall Study","B9D80960412","ES0915B0551",2015-09-21 11:35:00,"RVB - Rio Vista",2015-09-21
"375","ES0916B0073","YB - Fall Study","A1030000","ES0916B0720",2016-09-08 08:40:00,"Woodland Wasetwater",2016-09-08
"376","ES0916B0073","YB - Fall Study","A0D84061386","ES0916B0721",2016-09-08 09:00:00,"Toe Drain at Rd. 22",2016-09-08
"377","ES0916B0073","YB - Fall Study","A0033300","ES0916B0722",2016-09-08 10:20:00,"Davis Wastewater",2016-09-08
"378","ES0916B0073","YB - Fall Study","A0D83441350","ES0916B0723",2016-09-08 10:50:00,"Toe Drain@ I-80",2016-09-08
"379","ES0916B0073","YB - Fall Study","B9D82851352","ES0916B0724",2016-09-08 11:30:00,"Toe Drain YB LISBON",2016-09-08
"380","ES0916B0073","YB - Fall Study","A0D82120386","ES0916B0725",2016-09-08 09:40:00,"Toe Drain at STTD",2016-09-08
"381","ES0916B0073","YB - Fall Study","B9D81651399","ES0916B0726",2016-09-08 10:50:00,"BL5 -Below Toe Drain",2016-09-08
"382","ES0916B0073","YB - Fall Study","B9D81450411","ES0916B0727",2016-09-08 11:10:00,"Liberty at S End",2016-09-08
"383","ES0916B0073","YB - Fall Study","B9D81281402","ES0916B0728",2016-09-08 11:25:00,"RYI - Cache Slough",2016-09-08
"384","ES0916B0073","YB - Fall Study","B9D81040386","ES0916B0729",2016-09-08 11:45:00,"SRV - Vieira's",2016-09-08
"385","ES0916B0073","YB - Fall Study","B9D80960412","ES0916B0730",2016-09-08 12:00:00,"RVB - Rio Vista",2016-09-08
"386","ES0916B0073","YB - Fall Study","B9D81651399","ES0916B0731",2016-09-08 10:50:00,"BL5 -Below Toe Drain",2016-09-08
"387","ES0916B0074","YB - Fall Study","A1030000","ES0916B0735",2016-09-13 10:52:00,"Woodland Wasetwater",2016-09-13
"388","ES0916B0074","YB - Fall Study","A0033300","ES0916B0737",2016-09-13 11:55:00,"Davis Wastewater",2016-09-13
"389","ES0919B0028"," North Delta Flow Action","Blank; Equipment","ES0919B0360",2019-09-03 14:30:00,"Blank; Equipment",2019-09-03
"390","ES0919B0028a"," North Delta Flow Action","Blank; Equipment","ES0919B0361",2019-09-04 15:00:00,"Blank; Equipment",2019-09-04
"391","ES0919B0028a"," North Delta Flow Action","Blank; Equipment","ES0919B0362",2019-09-05 12:30:00,"Blank; Equipment",2019-09-05
"392","ES0919B0029"," North Delta Flow Action","Blank; Equipment","ES0919B0383",2019-09-16 12:00:00,"Blank; Equipment",2019-09-16
"393","ES0919B0029a"," North Delta Flow Action","Blank; Equipment","ES0919B0384",2019-09-17 12:30:00,"Blank; Equipment",2019-09-17
"394","ES0919B0029aa"," North Delta Flow Action","Blank; Equipment","ES0919B0385",2019-09-18 13:30:00,"Blank; Equipment",2019-09-18
"395","ES1013B0041","YB - Fall Study","A0D84761435","ES1013B0147",2013-10-04 13:07:00,"Ridge Cut Slough",2013-10-04
"396","ES1013B0041","YB - Fall Study","A0D84761435","ES1013B0148",2013-10-04 13:07:00,"Ridge Cut Slough",2013-10-04
"397","ES1013B0041","YB - Fall Study","A0D84061386","ES1013B0149",2013-10-04 14:25:00,"Toe Drain at Rd. 22",2013-10-04
"398","ES1013B0041","YB - Fall Study","A0D84061386","ES1013B0150",2013-10-04 14:25:00,"Toe Drain at Rd. 22",2013-10-04
"399","ES1013B0041","YB - Fall Study","A0D83441350","ES1013B0151",2013-10-04 15:50:00,"Toe Drain@ I-80",2013-10-04
"400","ES1013B0041","YB - Fall Study","A0D83441350","ES1013B0152",2013-10-04 15:50:00,"Toe Drain@ I-80",2013-10-04
"401","ES1013B0041","YB - Fall Study","B9D82851352","ES1013B0169",2013-10-04 13:27:00,"Toe Drain YB LISBON",2013-10-04
"402","ES1013B0041","YB - Fall Study","B9D82851352","ES1013B0176",2013-10-04 13:27:00,"Toe Drain YB LISBON",2013-10-04
"403","ES1013B0043","YB - Fall Study","A0D84761435","ES1013B0180",2013-10-08 09:47:00,"Ridge Cut Slough",2013-10-08
"404","ES1013B0043","YB - Fall Study","A0D84061386","ES1013B0182",2013-10-08 11:08:00,"Toe Drain at Rd. 22",2013-10-08
"405","ES1013B0043","YB - Fall Study","A0D83441350","ES1013B0184",2013-10-08 11:54:00,"Toe Drain@ I-80",2013-10-08
"406","ES1013B0043","YB - Fall Study","A0D82691360","ES1013B0188",2013-10-08 13:52:00,"Toe Drain Bl YWA",2013-10-08
"407","ES1013B0043","YB - Fall Study","A0D82120386","ES1013B0190",2013-10-08 12:31:00,"Toe Drain at STTD",2013-10-08
"408","ES1013B0043","YB - Fall Study","B9D81651399","ES1013B0192",2013-10-08 12:10:00,"BL5 -Below Toe Drain",2013-10-08
"409","ES1013B0043","YB - Fall Study","B9D81450411","ES1013B0194",2013-10-08 11:58:00,"Liberty at S End",2013-10-08
"410","ES1013B0043","YB - Fall Study","B9D81281402","ES1013B0196",2013-10-08 11:41:00,"RYI - Cache Slough",2013-10-08
"411","ES1013B0043","YB - Fall Study","B9D81040386","ES1013B0198",2013-10-08 11:21:00,"SRV - Vieira's",2013-10-08
"412","ES1013B0043","YB - Fall Study","B9D80960412","ES1013B0200",2013-10-08 10:54:00,"RVB - Rio Vista",2013-10-08
"413","ES1013B0043","YB - Fall Study","A0290400","ES1013B0203",2013-10-08 10:18:00,"Lisbon Sl @Toe Drain",2013-10-08
"414","ES1013B0045","YB - Fall Study","A0D84761435","ES1013B0236",2013-10-15 09:37:00,"Ridge Cut Slough",2013-10-15
"415","ES1013B0045","YB - Fall Study","A0D84061386","ES1013B0238",2013-10-15 11:10:00,"Toe Drain at Rd. 22",2013-10-15
"416","ES1013B0045","YB - Fall Study","A0D83441350","ES1013B0240",2013-10-15 11:46:00,"Toe Drain@ I-80",2013-10-15
"417","ES1013B0045","YB - Fall Study","A0D82691360","ES1013B0244",2013-10-15 12:32:00,"Toe Drain Bl YWA",2013-10-15
"418","ES1013B0045","YB - Fall Study","B9D81651399","ES1013B0248",2013-10-15 10:24:00,"BL5 -Below Toe Drain",2013-10-15
"419","ES1013B0045","YB - Fall Study","B9D81450411","ES1013B0250",2013-10-15 10:37:00,"Liberty at S End",2013-10-15
"420","ES1013B0045","YB - Fall Study","B9D81281402","ES1013B0252",2013-10-15 10:50:00,"RYI - Cache Slough",2013-10-15
"421","ES1013B0045","YB - Fall Study","B9D81040386","ES1013B0254",2013-10-15 11:08:00,"SRV - Vieira's",2013-10-15
"422","ES1013B0045","YB - Fall Study","B9D80960412","ES1013B0256",2013-10-15 11:20:00,"RVB - Rio Vista",2013-10-15
"423","ES1013B0045","YB - Fall Study","A0290400","ES1013B0258",2013-10-15 10:20:00,"Lisbon Sl @Toe Drain",2013-10-15
"424","ES1013B0049","YB - Fall Study","A0D84761435","ES1013B0287",2013-10-22 09:19:00,"Ridge Cut Slough",2013-10-22
"425","ES1013B0049","YB - Fall Study","A0D84061386","ES1013B0289",2013-10-22 10:46:00,"Toe Drain at Rd. 22",2013-10-22
"426","ES1013B0049","YB - Fall Study","A0D83441350","ES1013B0291",2013-10-22 11:32:00,"Toe Drain@ I-80",2013-10-22
"427","ES1013B0049","YB - Fall Study","A0D82691360","ES1013B0295",2013-10-22 00:46:00,"Toe Drain Bl YWA",2013-10-22
"428","ES1013B0049","YB - Fall Study","A0D82120386","ES1013B0297",2013-10-22 11:42:00,"Toe Drain at STTD",2013-10-22
"429","ES1013B0049","YB - Fall Study","B9D81651399","ES1013B0299",2013-10-22 10:23:00,"BL5 -Below Toe Drain",2013-10-22
"430","ES1013B0049","YB - Fall Study","B9D81450411","ES1013B0301",2013-10-22 11:12:00,"Liberty at S End",2013-10-22
"431","ES1013B0049","YB - Fall Study","B9D81281402","ES1013B0303",2013-10-22 11:00:00,"RYI - Cache Slough",2013-10-22
"432","ES1013B0049","YB - Fall Study","B9D81040386","ES1013B0305",2013-10-22 10:36:00,"SRV - Vieira's",2013-10-22
"433","ES1013B0049","YB - Fall Study","B9D80960412","ES1013B0307",2013-10-22 10:20:00,"RVB - Rio Vista",2013-10-22
"434","ES1013B0060","Yolo Bypass 2013","A0000000","ES1013B0430",2013-10-30 08:50:00,"YB @ RSTR",2013-10-30
"435","ES1013B0060","Yolo Bypass 2013","A0290400","ES1013B0431",2013-10-30 10:24:00,"Lisbon Sl @Toe Drain",2013-10-30
"436","ES1014B0069","YB - Fall Study","A1030000","ES1014B0533",2014-10-13 00:00:00,"Woodland Wasetwater",2014-10-13
"437","ES1015B0067","YB - Fall Study","A0D84761435","ES1015B0571",2015-10-01 08:29:00,"Ridge Cut Slough",2015-10-01
"438","ES1015B0067","YB - Fall Study","A1030000","ES1015B0573",2015-10-01 09:21:00,"Woodland Wasetwater",2015-10-01
"439","ES1015B0067","YB - Fall Study","A0D84061386","ES1015B0574",2015-10-01 09:39:00,"Toe Drain at Rd. 22",2015-10-01
"440","ES1015B0067","YB - Fall Study","A0033300","ES1015B0575",2015-10-01 11:17:00,"Davis Wastewater",2015-10-01
"441","ES1015B0067","YB - Fall Study","A0D83441350","ES1015B0576",2015-10-01 11:41:00,"Toe Drain@ I-80",2015-10-01
"442","ES1015B0067","YB - Fall Study","B9D82851352","ES1015B0577",2015-10-01 12:10:00,"Toe Drain YB LISBON",2015-10-01
"443","ES1015B0069","YB - Fall Study","A0D84761435","ES1015B0592",2015-10-08 08:20:00,"Ridge Cut Slough",2015-10-08
"444","ES1015B0069","YB - Fall Study","A1030000","ES1015B0594",2015-10-08 08:55:00,"Woodland Wasetwater",2015-10-08
"445","ES1015B0069","YB - Fall Study","A0D84061386","ES1015B0595",2015-10-08 09:14:00,"Toe Drain at Rd. 22",2015-10-08
"446","ES1015B0069","YB - Fall Study","A0033300","ES1015B0596",2015-10-08 09:50:00,"Davis Wastewater",2015-10-08
"447","ES1015B0069","YB - Fall Study","A0D83441350","ES1015B0597",2015-10-08 10:10:00,"Toe Drain@ I-80",2015-10-08
"448","ES1015B0069","YB - Fall Study","B9D82851352","ES1015B0598",2015-10-08 10:35:00,"Toe Drain YB LISBON",2015-10-08
"449","ES1015B0069","YB - Fall Study","A0D82120386","ES1015B0599",2015-10-08 09:44:00,"Toe Drain at STTD",2015-10-08
"450","ES1015B0069","YB - Fall Study","B9D81651399","ES1015B0600",2015-10-08 10:00:00,"BL5 -Below Toe Drain",2015-10-08
"451","ES1015B0069","YB - Fall Study","B9D81450411","ES1015B0601",2015-10-08 10:11:00,"Liberty at S End",2015-10-08
"452","ES1015B0069","YB - Fall Study","B9D81281402","ES1015B0602",2015-10-08 10:23:00,"RYI - Cache Slough",2015-10-08
"453","ES1015B0069","YB - Fall Study","B9D81040386","ES1015B0603",2015-10-08 10:39:00,"SRV - Vieira's",2015-10-08
"454","ES1015B0069","YB - Fall Study","B9D80960412","ES1015B0604",2015-10-08 10:51:00,"RVB - Rio Vista",2015-10-08
"455","ES1015B0069","YB - Fall Study","B9D81450411","ES1015B0605",2015-10-08 10:11:00,"Liberty at S End",2015-10-08
"456","ES1015B0070","YB - Fall Study","A1030000","ES1015B0609",2015-10-14 10:10:00,"Woodland Wasetwater",2015-10-14
"457","ES1015B0070","YB - Fall Study","A0033300","ES1015B0611",2015-10-14 08:00:00,"Davis Wastewater",2015-10-14
"458","ES1015B0072","YB - Fall Study","A0D84761435","ES1015B0628",2015-10-19 08:15:00,"Ridge Cut Slough",2015-10-19
"459","ES1015B0072","YB - Fall Study","A1030000","ES1015B0630",2015-10-19 08:52:00,"Woodland Wasetwater",2015-10-19
"460","ES1015B0072","YB - Fall Study","A0D84061386","ES1015B0631",2015-10-19 09:20:00,"Toe Drain at Rd. 22",2015-10-19
"461","ES1015B0072","YB - Fall Study","A0033300","ES1015B0632",2015-10-19 10:00:00,"Davis Wastewater",2015-10-19
"462","ES1015B0072","YB - Fall Study","A0D83441350","ES1015B0633",2015-10-19 10:21:00,"Toe Drain@ I-80",2015-10-19
"463","ES1015B0072","YB - Fall Study","B9D82851352","ES1015B0634",2015-10-19 11:00:00,"Toe Drain YB LISBON",2015-10-19
"464","ES1015B0072","YB - Fall Study","A0D82120386","ES1015B0635",2015-10-19 10:00:00,"Toe Drain at STTD",2015-10-19
"465","ES1015B0072","YB - Fall Study","B9D81651399","ES1015B0636",2015-10-19 10:26:00,"BL5 -Below Toe Drain",2015-10-19
"466","ES1015B0072","YB - Fall Study","B9D81450411","ES1015B0637",2015-10-19 10:48:00,"Liberty at S End",2015-10-19
"467","ES1015B0072","YB - Fall Study","B9D81281402","ES1015B0638",2015-10-19 11:00:00,"RYI - Cache Slough",2015-10-19
"468","ES1015B0072","YB - Fall Study","B9D81040386","ES1015B0639",2015-10-19 11:15:00,"SRV - Vieira's",2015-10-19
"469","ES1015B0072","YB - Fall Study","B9D80960412","ES1015B0640",2015-10-19 11:36:00,"RVB - Rio Vista",2015-10-19
"470","ES1015B0072","YB - Fall Study","A0D84061386","ES1015B0641",2015-10-19 09:20:00,"Toe Drain at Rd. 22",2015-10-19
"471","ES1015B0073","YB - Fall Study","A0D84761435","ES1015B0643",2015-10-27 09:03:00,"Ridge Cut Slough",2015-10-27
"472","ES1015B0073","YB - Fall Study","A1030000","ES1015B0645",2015-10-27 09:44:00,"Woodland Wasetwater",2015-10-27
"473","ES1015B0073","YB - Fall Study","A0D84061386","ES1015B0646",2015-10-27 10:05:00,"Toe Drain at Rd. 22",2015-10-27
"474","ES1015B0073","YB - Fall Study","A0033300","ES1015B0647",2015-10-27 10:39:00,"Davis Wastewater",2015-10-27
"475","ES1015B0073","YB - Fall Study","A0D83441350","ES1015B0648",2015-10-27 10:58:00,"Toe Drain@ I-80",2015-10-27
"476","ES1015B0073","YB - Fall Study","B9D82851352","ES1015B0649",2015-10-27 11:24:00,"Toe Drain YB LISBON",2015-10-27
"477","ES1015B0074","Yolo Bypass 2013","A0200000","ES1015B0657",2015-10-28 09:04:00,"SHER",2015-10-28
"478","ES1015B0074","Yolo Bypass 2013","A0200000","ES1015B0660",2015-10-28 09:04:00,"SHER",2015-10-28
"479","ES1019B0031"," North Delta Flow Action","Blank; Equipment","ES1019B0417",2019-09-30 12:30:00,"Blank; Equipment",2019-09-30
"480","ES1114B0073","Lisbon Weir - Nutrient and Phyto","B9D82851352","ES1114B0579",2014-11-06 10:17:00,"Toe Drain YB LISBON",2014-11-06
"481","ES1114B0073","Lisbon Weir - Nutrient and Phyto","B9D82851352","ES1114B0581",2014-11-06 10:17:00,"Toe Drain YB LISBON",2014-11-06
"482","ESF0212B0034","Yolo Bypass 2012","A0L842113851","ESF0212B0321",2012-02-09 12:00:00,"Knaggs Ranch - Inlet",2012-02-09
"483","ESF0212B0034","Yolo Bypass 2012","A0L842113852","ESF0212B0322",2012-02-09 10:50:00,"Knaggs Ranch - Oulet",2012-02-09
"484","ESF0212B0034","Yolo Bypass 2012","A0L842113851","ESF0212B0323",2012-02-09 12:00:00,"Knaggs Ranch - Inlet",2012-02-09
"485","ESF0212B0034","Yolo Bypass 2012","A0L842113852","ESF0212B0324",2012-02-09 10:50:00,"Knaggs Ranch - Oulet",2012-02-09
"486","ESF0212B0035","Yolo Bypass 2012","A0L842113851","ESF0212B0325",2012-02-16 12:40:00,"Knaggs Ranch - Inlet",2012-02-16
"487","ESF0212B0035","Yolo Bypass 2012","A0L842113852","ESF0212B0326",2012-02-16 11:15:00,"Knaggs Ranch - Oulet",2012-02-16
"488","ESF0212B0035","Yolo Bypass 2012","A0L842113851","ESF0212B0327",2012-02-16 12:40:00,"Knaggs Ranch - Inlet",2012-02-16
"489","ESF0212B0035","Yolo Bypass 2012","A0L842113852","ESF0212B0328",2012-02-16 11:15:00,"Knaggs Ranch - Oulet",2012-02-16
"490","ESF0212B0037","Yolo Bypass 2012","A0L842113851","ESF0212B0333",2012-02-22 11:20:00,"Knaggs Ranch - Inlet",2012-02-22
"491","ESF0212B0037","Yolo Bypass 2012","A0L842113852","ESF0212B0334",2012-02-22 12:20:00,"Knaggs Ranch - Oulet",2012-02-22
"492","ESF0212B0038","Yolo Bypass 2012","A0L842113851","ESF0212B0337",2012-02-29 12:15:00,"Knaggs Ranch - Inlet",2012-02-29
"493","ESF0212B0038","Yolo Bypass 2012","A0L842113852","ESF0212B0338",2012-02-29 11:15:00,"Knaggs Ranch - Oulet",2012-02-29
"494","ESF0312B0039","Yolo Bypass 2012","A0L842113851","ESF0312B0341",2012-03-08 11:00:00,"Knaggs Ranch - Inlet",2012-03-08
"495","ESF0312B0039","Yolo Bypass 2012","A0L842113852","ESF0312B0342",2012-03-08 12:00:00,"Knaggs Ranch - Oulet",2012-03-08
"496","ESF0312B0039","Yolo Bypass 2012","A0L842113851","ESF0312B0345",2012-03-08 11:00:00,"Knaggs Ranch - Inlet",2012-03-08
"497","ESF0312B0039","Yolo Bypass 2012","A0L842113852","ESF0312B0346",2012-03-08 12:00:00,"Knaggs Ranch - Oulet",2012-03-08
"498","ESF0212B0038","Yolo Bypass 2012","A0L842113851","ESF0312B0349",2012-02-29 12:15:00,"Knaggs Ranch - Inlet",2012-02-29
"499","ESF0212B0038","Yolo Bypass 2012","A0L842113852","ESF0312B0350",2012-02-29 11:15:00,"Knaggs Ranch - Oulet",2012-02-29
"500","ESF0212B0037","Yolo Bypass 2012","A0L842113851","ESF0312B0353",2012-02-22 11:20:00,"Knaggs Ranch - Inlet",2012-02-22
"501","ESF0212B0037","Yolo Bypass 2012","A0L842113852","ESF0312B0354",2012-02-22 12:20:00,"Knaggs Ranch - Oulet",2012-02-22
"502","ESF0912B0001","Yolo Bypass 2012","A0L842113852","ESF0912B0001",2012-09-04 17:00:00,"Knaggs Ranch - Oulet",2012-09-04
"503","ESF0912B0001","Yolo Bypass 2012","J06179704281767","ESF0912B0002",2012-09-04 17:06:00,"Tule Canal@ Rd 22",2012-09-04
"504","ESF0912B0001","Yolo Bypass 2012","A0D83441350","ESF0912B0003",2012-09-04 17:34:00,"Toe Drain@ I-80",2012-09-04
"505","ESF0912B0001","Yolo Bypass 2012","B9D82851352","ESF0912B0004",2012-09-04 18:00:00,"Toe Drain YB LISBON",2012-09-04
"506","ESF0912B0001","Yolo Bypass 2012","A0D82691360","ESF0912B0005",2012-09-04 18:16:00,"Toe Drain Bl YWA",2012-09-04
"507","ESF0912B0001","Yolo Bypass 2012","B9D81431410","ESF0912B0006",2012-09-04 12:45:00,"Liberty Is @ Base",2012-09-04
"508","ESF0912B0001","Yolo Bypass 2012","B9D81651399","ESF0912B0007",2012-09-04 12:56:00,"BL5 -Below Toe Drain",2012-09-04
"509","ESF0912B0001","Yolo Bypass 2012","A0D82120386","ESF0912B0008",2012-09-04 13:15:00,"Toe Drain at STTD",2012-09-04
"510","ESF0912B0001","Yolo Bypass 2012","B9D81651399","ESF0912B0010",2012-09-04 12:56:00,"BL5 -Below Toe Drain",2012-09-04
"511","ESF0912B0001","Yolo Bypass 2012","(UserDefined)","ESF0912B0020",2012-09-04 12:24:00,"(User Defined)",2012-09-04
"512","ESF0912B0001","Yolo Bypass 2012","B9D80951412","ESF0912B0021",2012-09-04 12:11:00,"D24A",2012-09-04
"513","ESF0912B0003","Yolo Bypass 2012","B9D80951412","ESF0912B0022",2012-09-07 08:15:00,"D24A",2012-09-07
"514","ESF0912B0003","Yolo Bypass 2012","(UserDefined)","ESF0912B0023",2012-09-07 08:28:00,"(User Defined)",2012-09-07
"515","ESF0912B0003","Yolo Bypass 2012","(UserDefined)","ESF0912B0024",2012-09-07 08:43:00,"(User Defined)",2012-09-07
"516","ESF0912B0003","Yolo Bypass 2012","B9D81431410","ESF0912B0025",2012-09-07 08:55:00,"Liberty Is @ Base",2012-09-07
"517","ESF0912B0003","Yolo Bypass 2012","B9D81651399","ESF0912B0030",2012-09-07 09:15:00,"BL5 -Below Toe Drain",2012-09-07
"518","ESF0912B0003","Yolo Bypass 2012","A0D82120386","ESF0912B0031",2012-09-07 09:30:00,"Toe Drain at STTD",2012-09-07
"519","ESF0912B0003","Yolo Bypass 2012","A0D82691360","ESF0912B0032",2012-09-07 09:45:00,"Toe Drain Bl YWA",2012-09-07
"520","ESF0912B0003","Yolo Bypass 2012","B9D82851352","ESF0912B0033",2012-09-07 09:55:00,"Toe Drain YB LISBON",2012-09-07
"521","ESF0912B0003","Yolo Bypass 2012","A0D83441350","ESF0912B0034",2012-09-07 15:20:00,"Toe Drain@ I-80",2012-09-07
"522","ESF0912B0003","Yolo Bypass 2012","J06179704281767","ESF0912B0035",2012-09-07 15:57:00,"Tule Canal@ Rd 22",2012-09-07
"523","ESF0912B0003","Yolo Bypass 2012","A0L842113852","ESF0912B0036",2012-09-07 16:47:00,"Knaggs Ranch - Oulet",2012-09-07
"524","ESF0912B0003","Yolo Bypass 2012","B9D82851352","ESF0912B0037",2012-09-07 09:55:00,"Toe Drain YB LISBON",2012-09-07
"525","ESF0912B0005","Yolo Bypass 2012","B9D80951412","ESF0912B0038",2012-09-11 08:55:00,"D24A",2012-09-11
"526","ESF0912B0005","Yolo Bypass 2012","(UserDefined)","ESF0912B0039",2012-09-11 09:07:00,"(User Defined)",2012-09-11
"527","ESF0912B0005","Yolo Bypass 2012","(UserDefined)","ESF0912B0040",2012-09-11 09:18:00,"(User Defined)",2012-09-11
"528","ESF0912B0005","Yolo Bypass 2012","B9D81431410","ESF0912B0041",2012-09-11 09:25:00,"Liberty Is @ Base",2012-09-11
"529","ESF0912B0005","Yolo Bypass 2012","B9D81651399","ESF0912B0042",2012-09-11 09:40:00,"BL5 -Below Toe Drain",2012-09-11
"530","ESF0912B0005","Yolo Bypass 2012","A0D82120386","ESF0912B0043",2012-09-11 09:55:00,"Toe Drain at STTD",2012-09-11
"531","ESF0912B0005","Yolo Bypass 2012","A0D82691360","ESF0912B0044",2012-09-11 10:20:00,"Toe Drain Bl YWA",2012-09-11
"532","ESF0912B0005","Yolo Bypass 2012","B9D82851352","ESF0912B0045",2012-09-11 10:30:00,"Toe Drain YB LISBON",2012-09-11
"533","ESF0912B0005","Yolo Bypass 2012","A0D83441350","ESF0912B0046",2012-09-11 14:30:00,"Toe Drain@ I-80",2012-09-11
"534","ESF0912B0005","Yolo Bypass 2012","J06179704281767","ESF0912B0047",2012-09-11 15:10:00,"Tule Canal@ Rd 22",2012-09-11
"535","ESF0912B0005","Yolo Bypass 2012","A0L842113852","ESF0912B0048",2012-09-11 15:50:00,"Knaggs Ranch - Oulet",2012-09-11
"536","ESF0912B0005","Yolo Bypass 2012","B9D80951412","ESF0912B0049",2012-09-11 08:55:00,"D24A",2012-09-11
"537","ESF0912B0007","Yolo Bypass - Fall Study","B9D80951412","ESF0912B0062",2012-09-14 08:03:00,"D24A",2012-09-14
"538","ESF0912B0007","Yolo Bypass - Fall Study","(UserDefined)","ESF0912B0063",2012-09-14 08:15:00,"(User Defined)",2012-09-14
"539","ESF0912B0007","Yolo Bypass - Fall Study","(UserDefined)","ESF0912B0064",2012-09-14 08:22:00,"(User Defined)",2012-09-14
"540","ESF0912B0007","Yolo Bypass - Fall Study","B9D81431410","ESF0912B0065",2012-09-14 08:28:00,"Liberty Is @ Base",2012-09-14
"541","ESF0912B0007","Yolo Bypass - Fall Study","B9D81651399","ESF0912B0066",2012-09-14 08:40:00,"BL5 -Below Toe Drain",2012-09-14
"542","ESF0912B0007","Yolo Bypass - Fall Study","A0D82120386","ESF0912B0067",2012-09-14 08:53:00,"Toe Drain at STTD",2012-09-14
"543","ESF0912B0007","Yolo Bypass - Fall Study","A0D82691360","ESF0912B0068",2012-09-14 09:07:00,"Toe Drain Bl YWA",2012-09-14
"544","ESF0912B0007","Yolo Bypass - Fall Study","B9D82851352","ESF0912B0069",2012-09-14 09:25:00,"Toe Drain YB LISBON",2012-09-14
"545","ESF0912B0007","Yolo Bypass - Fall Study","A0L842113852","ESF0912B0070",2012-09-14 17:32:00,"Knaggs Ranch - Oulet",2012-09-14
"546","ESF0912B0007","Yolo Bypass - Fall Study","J06179704281767","ESF0912B0071",2012-09-14 16:50:00,"Tule Canal@ Rd 22",2012-09-14
"547","ESF0912B0007","Yolo Bypass - Fall Study","A0D83441350","ESF0912B0072",2012-09-14 16:10:00,"Toe Drain@ I-80",2012-09-14
"548","ESF0912B0007","Yolo Bypass - Fall Study","A0D83441350","ESF0912B0073",2012-09-14 16:10:00,"Toe Drain@ I-80",2012-09-14
"549","ESF0912B0008","Yolo Bypass - Fall Study","B9D80951412","ESF0912B0074",2012-09-17 09:01:00,"D24A",2012-09-17
"550","ESF0912B0008","Yolo Bypass - Fall Study","(UserDefined)","ESF0912B0075",2012-09-17 09:13:00,"(User Defined)",2012-09-17
"551","ESF0912B0008","Yolo Bypass - Fall Study","(UserDefined)","ESF0912B0076",2012-09-17 09:25:00,"(User Defined)",2012-09-17
"552","ESF0912B0008","Yolo Bypass - Fall Study","B9D81431410","ESF0912B0077",2012-09-17 09:35:00,"Liberty Is @ Base",2012-09-17
"553","ESF0912B0008","Yolo Bypass - Fall Study","B9D81651399","ESF0912B0078",2012-09-17 09:53:00,"BL5 -Below Toe Drain",2012-09-17
"554","ESF0912B0008","Yolo Bypass - Fall Study","A0D82120386","ESF0912B0079",2012-09-17 10:08:00,"Toe Drain at STTD",2012-09-17
"555","ESF0912B0008","Yolo Bypass - Fall Study","A0D82691360","ESF0912B0080",2012-09-17 10:27:00,"Toe Drain Bl YWA",2012-09-17
"556","ESF0912B0008","Yolo Bypass - Fall Study","B9D82851352","ESF0912B0081",2012-09-17 10:47:00,"Toe Drain YB LISBON",2012-09-17
"557","ESF0912B0008","Yolo Bypass - Fall Study","A0L842113852","ESF0912B0082",2012-09-17 16:30:00,"Knaggs Ranch - Oulet",2012-09-17
"558","ESF0912B0008","Yolo Bypass - Fall Study","J06179704281767","ESF0912B0083",2012-09-17 16:00:00,"Tule Canal@ Rd 22",2012-09-17
"559","ESF0912B0008","Yolo Bypass - Fall Study","A0D83441350","ESF0912B0084",2012-09-17 15:20:00,"Toe Drain@ I-80",2012-09-17
"560","ESF0912B0008","Yolo Bypass - Fall Study","B9D82851352","ESF0912B0085",2012-09-17 10:47:00,"Toe Drain YB LISBON",2012-09-17
"561","ESF1012B0012","Yolo Bypass - Fall Study","B9D80951412","ESF1012B0114",2012-10-15 09:20:00,"D24A",2012-10-15
"562","ESF1012B0012","Yolo Bypass - Fall Study","(UserDefined)","ESF1012B0116",2012-10-15 09:56:00,"(User Defined)",2012-10-15
"563","ESF1012B0012","Yolo Bypass - Fall Study","B9D81431410","ESF1012B0117",2012-10-15 10:20:00,"Liberty Is @ Base",2012-10-15
"564","ESF1012B0012","Yolo Bypass - Fall Study","B9D81651399","ESF1012B0118",2012-10-15 10:45:00,"BL5 -Below Toe Drain",2012-10-15
"565","ESF1012B0012","Yolo Bypass - Fall Study","(UserDefined)","ESF1012B0124",2012-10-15 11:30:00,"(User Defined)",2012-10-15
"566","ESH0513B0022","Yolo Bypass 2013","A0200000","ESH0513B0101",2013-05-31 09:32:00,"SHER",2013-05-31
"567","ESH0513B0022","Yolo Bypass 2013","A0200000","ESH0513B0103",2013-05-31 09:32:00,"SHER",2013-05-31
"568","ESH0613B0026","Yolo Bypass 2013","(NONE)","ESH0613B0133",2013-06-25 00:00:00,"( None )",2013-06-25
"569","ESH0812B0004","Yolo Bypass 2012","A0D82120386","ESH0812B0014",2012-08-07 10:07:00,"Toe Drain at STTD",2012-08-07
"570","ESH0812B0004","Yolo Bypass 2012","A0D82120386","ESH0812B0016",2012-08-07 10:07:00,"Toe Drain at STTD",2012-08-07
"571","ESH0812B0008","Yolo Bypass 2012","A0L842113852","ESH0812B0029",2012-08-31 13:38:00,"Knaggs Ranch - Oulet",2012-08-31
"572","ESH0812B0008","Yolo Bypass 2012","J06179704281767","ESH0812B0030",2012-08-31 14:22:00,"Tule Canal@ Rd 22",2012-08-31
"573","ESH0812B0008","Yolo Bypass 2012","A0D83441350","ESH0812B0031",2012-08-31 14:54:00,"Toe Drain@ I-80",2012-08-31
"574","ESH0812B0008","Yolo Bypass 2012","A0D82120386","ESH0812B0032",2012-08-31 16:23:00,"Toe Drain at STTD",2012-08-31
"575","ESH0812B0008","Yolo Bypass 2012","B9D82851352","ESH0812B0037",2012-08-31 15:30:00,"Toe Drain YB LISBON",2012-08-31
"576","ESH0812B0008","Yolo Bypass 2012","A0D82691360","ESH0812B0038",2012-08-31 15:52:00,"Toe Drain Bl YWA",2012-08-31
"577","ESH0812B0008","Yolo Bypass 2012","B9D82851352","ESH0812B0039",2012-08-31 15:30:00,"Toe Drain YB LISBON",2012-08-31
"578","ESH0912B0010","Yolo Bypass - Fall Study","B9D80951412","ESH0912B0040",2012-09-25 09:00:00,"D24A",2012-09-25
"579","ESH0912B0010","Yolo Bypass - Fall Study","(UserDefined)","ESH0912B0041",2012-09-25 09:12:00,"(User Defined)",2012-09-25
"580","ESH0912B0010","Yolo Bypass - Fall Study","(UserDefined)","ESH0912B0042",2012-09-25 09:24:00,"(User Defined)",2012-09-25
"581","ESH0912B0010","Yolo Bypass - Fall Study","B9D81431410","ESH0912B0043",2012-09-25 09:35:00,"Liberty Is @ Base",2012-09-25
"582","ESH0912B0010","Yolo Bypass - Fall Study","B9D81651399","ESH0912B0044",2012-09-25 09:50:00,"BL5 -Below Toe Drain",2012-09-25
"583","ESH0912B0010","Yolo Bypass - Fall Study","A0D82120386","ESH0912B0045",2012-09-25 10:07:00,"Toe Drain at STTD",2012-09-25
"584","ESH0912B0010","Yolo Bypass - Fall Study","A0D82691360","ESH0912B0046",2012-09-25 10:30:00,"Toe Drain Bl YWA",2012-09-25
"585","ESH0912B0010","Yolo Bypass - Fall Study","B9D82851352","ESH0912B0047",2012-09-25 11:15:00,"Toe Drain YB LISBON",2012-09-25
"586","ESH0912B0010","Yolo Bypass - Fall Study","A0L842113852","ESH0912B0048",2012-09-25 13:45:00,"Knaggs Ranch - Oulet",2012-09-25
"587","ESH0912B0010","Yolo Bypass - Fall Study","J06179704281767","ESH0912B0049",2012-09-25 13:00:00,"Tule Canal@ Rd 22",2012-09-25
"588","ESH0912B0010","Yolo Bypass - Fall Study","A0D83441350","ESH0912B0050",2012-09-25 11:27:00,"Toe Drain@ I-80",2012-09-25
"589","ESH0912B0010","Yolo Bypass - Fall Study","B9D82851352","ESH0912B0051",2012-09-25 11:15:00,"Toe Drain YB LISBON",2012-09-25
