PhysicalDataID,ChlDataID,ChlTime,FieldComments,LabSampleNumber,VolFiltered,ReplicateSampleNumber,RepVolFiltered,EnteredBy,QA/QC'dBy
224,12,00-Jan-00,,,,,,,
228,13,00-Jan-00,,,,,,,
227,14,00-Jan-00,,EDZ0208B9216,500,,,,
229,15,00-Jan-00,,EDZ0208B9217,500,,,,
230,17,00-Jan-00,No Bryte Lab Results,,,,,,
233,18,00-Jan-00,,EDZ0208B9218,500,,,,
241,19,00-Jan-00,,EDZ0208B9219,500,,,,
243,23,00-Jan-00,,,,,,,
244,24,00-Jan-00,,,,,,,
245,25,00-Jan-00,,,,,,,
246,26,00-Jan-00,,ESA0209B3275,500,,,,
247,27,00-Jan-00,,ESA0209B3274,500,,,,
248,28,00-Jan-00,,ESA0209B3271,500,,,,
249,29,00-Jan-00,,ESA0209B3270,500,,,,
250,30,00-Jan-00,,ESA0309B3291,500,,,,
251,31,00-Jan-00,,ESA0309B3290,500,,,,
252,32,00-Jan-00,,ESA0309B3303,500,ESA0309B3305,500,,
253,33,00-Jan-00,,ESA0309B3302,500,ESA0309B3304,500,,
254,34,00-Jan-00,,ESA0409B3307,500,ESA0409B3311,,,
255,35,00-Jan-00,,ESA0409B3306,500,ESA0409B3310,500,,
256,36,00-Jan-00,,ESA0409B3526,500,,,,
257,37,00-Jan-00,,ESA0409B3525,500,,,,
258,38,00-Jan-00,,ESA0509B3529,500,,,,
261,39,00-Jan-00,,ESA0509B3530,500,,,,
262,40,00-Jan-00,,,,,,,
263,41,00-Jan-00,,,,,,,
264,42,00-Jan-00,,ESA0609B3552,500,,,,
265,43,00-Jan-00,,ESA0609B3553,500,,,,
266,44,00-Jan-00,,ESA0609B3556,500,,,,
267,45,00-Jan-00,,ESA0609B3557,500,,,,
239,52,00-Jan-00,,,,,,,
234,53,00-Jan-00,,,,,,,
238,54,00-Jan-00,,,,,,,
225,55,00-Jan-00,,,,,,,
222,57,00-Jan-00,,EDE0308B0006,500,,,,
259,58,00-Jan-00,,EDE0308B0007,500,,,,
268,59,00-Jan-00,,EDE0408B0003,500,,,,
270,60,00-Jan-00,,EDE0408B0004,500,,,,
271,61,00-Jan-00,,EDF0408B0005,500,,,,
272,62,00-Jan-00,,EDF0408B0006,500,,,,
273,63,00-Jan-00,,EDF0508B0007,500,,,,
274,64,00-Jan-00,,EDF0508B0008,500,,,,
275,65,00-Jan-00,,EDF0508B0009,500,,,,
276,66,00-Jan-00,,EDF0508B0010,500,,,,
277,67,00-Jan-00,,EDF0608B0013,500,,,,
278,68,00-Jan-00,,EDF0608B0014,500,,,,
279,69,00-Jan-00,,EDF0608B0015,500,,,,
280,70,00-Jan-00,,EDF0608B0016,500,,,,
281,79,00-Jan-00,500 ml,ESA0110B0001,500,ESA0110B0003,500,,
282,80,00-Jan-00,500 ml,ESA110B0002,500,ESA0110B0004,500,,
283,81,00-Jan-00,500 ml,ESA0110B0005,500,ESA0110B0006,500,,
284,82,00-Jan-00,500 ml,ESA0110B0007,500,ESA0110B0008,500,,
285,83,00-Jan-00,250 ml,ESA0110B0022,250,,,,
286,84,00-Jan-00,500 ml,ESA0110B0021,500,,,,
287,85,00-Jan-00,,ESA0110B0127,,,,,
288,86,00-Jan-00,,ESA0110B0128,,,,,
289,87,00-Jan-00,,ESA0210B0132,,,,,
290,88,00-Jan-00,,ESA0210B0131,,,,,
292,89,00-Jan-00,,ESA0210B0135,,,,,
293,90,00-Jan-00,,ESA0210B136,,,,,
294,91,00-Jan-00,500ml,ESA0210B0141,500,,,,
295,92,00-Jan-00,500ml,ESA0210B0142,500,,,,
296,93,00-Jan-00,500 ml,ESA0210B0145,500,,,,
297,94,00-Jan-00,250 ml,ESA0210B0146,250,,,,
298,95,00-Jan-00,500 ml,ESA0310B0255,500,,,,
299,96,00-Jan-00,500 ml,ESA0310B0256,500,,,,
300,97,00-Jan-00,500 ml,ESA0310B0260,500,,,,
301,98,00-Jan-00,500 ml,ESA0310B0259,500,,,,
302,99,00-Jan-00,500ml,ESA0310B0288,500,,,,
303,100,00-Jan-00,500 ml,ESA0310B0287,500,,,,
304,101,00-Jan-00,500 ml,ESA0410B0292,500,,,,
305,102,00-Jan-00,500 ml,ESA0410B0291,500,,,,
306,103,00-Jan-00,250 ml,ESA0410B0296,250,,,,
307,104,00-Jan-00,500 ml,ESA0410B0295,500,,,,
308,105,00-Jan-00,500 ml,ESA0510B0299,500,,,,
309,106,00-Jan-00,500 ml,ESA0510B0300,500,,,,
310,107,00-Jan-00,500 ml,ESA0510B0303,500,,,,
311,108,00-Jan-00,500 ml,ESA0510B0304,500,,,,
312,109,00-Jan-00,500 ml,,,,,,
313,110,00-Jan-00,500 ml,,,hchgck,,,
317,114,00-Jan-00,,,,,,,
318,115,00-Jan-00,,EDE0207B0026,500,,,,
319,116,00-Jan-00,,EDE0207B0027,500,,,,
320,117,00-Jan-00,,EDE0307B0024,500,,,,
321,118,00-Jan-00,,EDE0307B0025,500,,,,
322,119,00-Jan-00,,EDZ0307B35140,500,,,,
324,120,00-Jan-00,,EDZ0307B35141,500,,,,
325,121,00-Jan-00,,EDZ0307B35142,500,,,,
326,122,00-Jan-00,,EDZ0307B35143,500,,,,
327,123,00-Jan-00,,,,,,,
328,124,00-Jan-00,,,,,,,
329,125,00-Jan-00,,,,,,,
330,126,00-Jan-00,,,,,,,
331,127,00-Jan-00,,,,,,,
332,128,00-Jan-00,,,,,,,
333,129,00-Jan-00,,,,,,,
334,130,00-Jan-00,,,,,,,
335,131,00-Jan-00,,,,,,,
337,132,00-Jan-00,,EDD0606B0248,500,,,,
339,133,00-Jan-00,,EDD0606B0247,500,,,,
340,134,00-Jan-00,,EDD0606B0240,500,,,,
338,135,00-Jan-00,,,,,,,
341,136,00-Jan-00,,EDD0606B0239,500,,,,
342,137,00-Jan-00,,EDD0606B0236,500,,,,
343,138,00-Jan-00,,EDD0606B0235,500,,,,
344,139,00-Jan-00,,EDD0506B0238,500,,,,
345,140,00-Jan-00,,EDD0506B0237,500,,,,
346,141,00-Jan-00,,EDD0506B0231,500,,,,
347,142,00-Jan-00,,EDD0506B0232,500,,,,
348,143,00-Jan-00,,EDD0506B0230,250,,,,
349,144,00-Jan-00,,EDD0506B0229,250,,,,
350,145,00-Jan-00,,EDD0406B0228,250,,,,
351,146,00-Jan-00,,EDD0406B0227,250,,,,
352,147,00-Jan-00,,EDD0406B0226,500,,,,
353,148,00-Jan-00,,EDD0406B0225,500,,,,
354,149,00-Jan-00,,EDD0406B0224,500,,,,
355,150,00-Jan-00,,EDD0406B0223,500,,,,
356,151,00-Jan-00,,EDD0406B0222,500,,,,
357,152,00-Jan-00,,EDD0406B0221,500,,,,
358,153,00-Jan-00,,EDD0306B0220,500,,,,
359,154,00-Jan-00,,EDD0306B0219,500,,,,
360,155,00-Jan-00,,EDD0306B0218,500,,,,
361,156,00-Jan-00,,EDD0306B0217,500,,,,
362,157,00-Jan-00,,EDD0306B0216,500,,,,
363,158,00-Jan-00,,EDD0306B0215,500,,,,
364,159,00-Jan-00,,EDD0306B0212,500,,,,
365,160,00-Jan-00,,EDD0306B0211,500,,,,
366,161,00-Jan-00,,EDD0206B0209,500,,,,
369,162,00-Jan-00,,EDD0206B0207,500,,,,
370,163,00-Jan-00,,EDD0206B0208,500,,,,
371,164,00-Jan-00,,EDD0206B0206,500,,,,
372,165,00-Jan-00,,EDD0206B0205,500,,,,
373,166,00-Jan-00,,EDD0106B0203,500,,,,
374,167,00-Jan-00,,EDD0106B0204,500,,,,
375,168,00-Jan-00,,EDD0106B0201,500,,,,
376,169,00-Jan-00,,EDD0106B0202,500,,,,
377,170,00-Jan-00,,EDD0106B0004,500,,,,
378,171,00-Jan-00,,EDD0106B0003,500,,,,
379,172,00-Jan-00,,EDD0106B0002,500,,,,
380,174,00-Jan-00,,EDD0205B0154,500,,,,
381,175,00-Jan-00,,EDD0205B0151,500,,,,
382,176,00-Jan-00,,EDD0205B0149,500,,,,
383,177,00-Jan-00,,EDD0205B0147,500,,,,
384,178,00-Jan-00,,EDD0205B0146,500,,,,
385,179,00-Jan-00,,EDD0205B0143,500,,,,
386,180,00-Jan-00,,EDD0205B0142,500,,,,
387,181,00-Jan-00,,EDD0205B0139,500,,,,
388,182,00-Jan-00,,EDD0205B0140,500,,,,
389,183,00-Jan-00,,EDD0105B0138,500,,,,
390,184,00-Jan-00,,EDD0105B0136,500,,,,
391,185,00-Jan-00,,EDD0105B0135,500,,,,
392,186,00-Jan-00,,EDD0105B0133,500,,,,
393,187,00-Jan-00,,EDD0105B0132,500,,,,
394,188,00-Jan-00,,EDD0105B0131,500,,,,
395,189,00-Jan-00,,EDD0105B0130,500,,,,
396,190,00-Jan-00,,EDD0105B0129,500,,,,
397,191,00-Jan-00,,EDD0105B0127,500,,,,
398,192,00-Jan-00,,EDD0105B0126,500,,,,
399,193,00-Jan-00,,EDD0205B0124,500,,,,
400,194,00-Jan-00,,EDD0105B0122,500,,,,
401,195,00-Jan-00,,EDD0205B0115,500,,,,
402,196,00-Jan-00,,EDD0105B0105,500,,,,
403,197,00-Jan-00,,EDD0105B0106,500,,,,
407,198,00-Jan-00,,EDD0305B0156,500,,,,
408,199,00-Jan-00,,EDD0305B0155,500,,,,
409,200,00-Jan-00,,EDD0305B0158,500,,,,
410,201,00-Jan-00,,EDD0305B0159,500,,,,
411,202,00-Jan-00,,EDD0305B0160,500,,,,
412,203,00-Jan-00,,EDD0305B0162,500,,,,
413,204,00-Jan-00,,EDD0305B0164,500,,,,
414,205,00-Jan-00,,EDD0305B0163,500,,,,
416,206,00-Jan-00,,EDD0305B0169,500,,,,
417,207,00-Jan-00,,EDD0305B0167,500,,,,
418,208,00-Jan-00,,EDD0305B0168,500,,,,
419,209,00-Jan-00,,EDD0405B0171,500,,,,
420,210,00-Jan-00,,EDD0405B0170,500,,,,
421,211,00-Jan-00,,EDD0405B0172,500,,,,
422,212,00-Jan-00,,EDD0405B0179,500,,,,
423,213,00-Jan-00,,EDD0405B0180,500,,,,
424,214,00-Jan-00,,EDD0405B0182,500,,,,
425,215,00-Jan-00,,EDD0405B0184,500,,,,
426,216,00-Jan-00,,EDD0405B0185,500,,,,
427,217,00-Jan-00,,EDD0405B0186,500,,,,
428,218,00-Jan-00,,EDD0405B0187,500,,,,
429,219,00-Jan-00,,EDD0405B0188,500,,,,
430,220,00-Jan-00,,EDD0405B0190,500,,,,
431,221,00-Jan-00,,EDD0505B0192,500,,,,
432,222,00-Jan-00,,EDD0505B0193,500,,,,
433,223,00-Jan-00,,EDD0505B0194,500,,,,
434,224,00-Jan-00,,EDD0505B0195,500,,,,
435,225,00-Jan-00,,EDD0505B0196,500,,,,
436,226,00-Jan-00,,EDD0505B0197,500,,,,
437,227,00-Jan-00,,EDD0605B0201,500,,,,
438,228,00-Jan-00,,EDD0605B0198,500,,,,
439,229,00-Jan-00,,EDD0605B0199,500,,,,
440,230,00-Jan-00,,,,,,,
442,231,00-Jan-00,,,,,,,
445,233,00-Jan-00,500mL,ESA0111B0311,500,,,mvella,jjenkins
446,234,00-Jan-00,500mL,ESA0111B0312,500,,,mvella,jjenkins
447,235,00-Jan-00,500mL,ESA0111B0320,500,,,mvella,jjenkins
448,236,00-Jan-00,500mL,ESA0111B0319,500,,,mvella,jjenkins
449,237,00-Jan-00,,ESA0211B0327,500,,,mvella,jjenkins
450,238,00-Jan-00,,ESA0211B0328,500,,,mvella,jjenkins
451,239,00-Jan-00,,ESA0211B0005,500,ESA0211B0007,500,mvella,jjenkins
452,240,00-Jan-00,,ESA0211B0006,500,ESA0211B0008,500,mvella,jjenkins
453,241,00-Jan-00,500mL,ESA0311B0336,500,,,mvella,jjenkins
454,242,00-Jan-00,500mL,ESA0311B0335,500,,,mvella,jjenkins
455,243,00-Jan-00,250mL,ESA0311B0344,500,ESA0311B0346,500,mvella,jjenkins
456,244,00-Jan-00,500mL,ESA0311B0343,500,ESA0311B0345,500,mvella,jjenkins
457,245,00-Jan-00,,ESA0411B0347,500,,,mvella,jjenkins
458,246,00-Jan-00,,ESA0411B0348,500,,,mvella,jjenkins
459,248,00-Jan-00,,ESF0411B0001,500,ESF0411B0003,500,mvella,jjenkins
460,249,00-Jan-00,,ESF0411B0002,500,ESF0411B0004,500,mvella,jjenkins
461,250,00-Jan-00,500mL,ESF0411B0005,500,ESF0411B0007,500,mvella,jjenkins
462,251,00-Jan-00,500mL,ESF0411B0006,500,ESF0411B0008,500,mvella,jjenkins
463,252,00-Jan-00,,ESA0511B0352,500,,,mvella,jjenkins
464,253,00-Jan-00,,ESA0511B0351,500,,,mvella,jjenkins
465,254,00-Jan-00,,ESF0511B0261,500,ESF0511B0263,500,mvella,jjenkins
466,255,00-Jan-00,,ESF0511B0262,500,ESF0511B0264,500,mvella,jjenkins
467,256,00-Jan-00,500mL,ESA0611B0355,500,ESA0611B0357,500,mvella,jjenkins
468,257,00-Jan-00,500mL,ESA0611B0356,500,ESA0611B0358,500,mvella,jjenkins
469,258,00-Jan-00,500mL,ESF0611B0265,500,,,jfrantzich,jjenkins
470,259,00-Jan-00,500mL,ESF0611B0266,500,,,jfrantzich,jjenkins
367,260,00-Jan-00,,EDD0206B0210,500,,,,
415,261,00-Jan-00,,EDD0205B0166,500,,,,
472,262,00-Jan-00,500mL,ESF0711B0274,500,,,jfrantzich,jjenkins
473,263,00-Jan-00,500mL,ESF0711B0273,500,,,jfrantzich,jjenkins
477,264,00-Jan-00,500 ML,ESF0611B0269,500,,,jfrantzich,jjenkins
478,265,00-Jan-00,500 ML,ESF0611B0270,500,,,jfrantzich,jjenkins
480,266,00-Jan-00,500 ml,ESF0711B0278,500,,,jfrantzich,jjenkins
481,267,00-Jan-00,500  ML,ESF0711B0277,500,,,jfrantzich,jjenkins
487,268,,CHLORO'S NOT TAKEN UNTIL 1/26,,,,,,
492,269,00-Jan-00,STTD-18:00hrs,EDD0304B0085,500,,,jfrantzich,
494,270,00-Jan-00,Chloro only,EDD0304B0088,500,,,jfrantzich,
495,271,00-Jan-00,Chloro only,EDD0304B0087,500,,,jfrantzich,
499,272,00-Jan-00,500 ML,ESF0811B0286,500,ESF0811B0288,500,jfrantzich,jjenkins
500,273,00-Jan-00,500 ML,ESF0811B0285,500,,500,jfrantzich,jjenkins
503,274,00-Jan-00,REPLICATE,ESF0811B0290,500,ESF0811B0291,500,jfrantzich,jjenkins
504,275,00-Jan-00,REPLICATE,ESF0811B0289,500,ESF0811B0291,500,jfrantzich,jjenkins
505,276,00-Jan-00,500 ml,ESC0911B0002,500,ESC0911B0004,500,nikemiyagi,jjenkins
506,277,00-Jan-00,500 ml,ESC091B0001,500,ESC0911B003,500,nikemiyagi,jjenkins
,278,00-Jan-00,,,,,,,
508,279,00-Jan-00,,EZ0201B6639,500,,,jfrantzich,
507,280,00-Jan-00,,EZ0201B6638,500,,,jfrantzich,
509,281,00-Jan-00,,EZ0201B6640,500,,,jfrantzich,
510,282,00-Jan-00,,EZ0201B6641,500,,,jfrantzich,
80,283,00-Jan-00,,EZ0201B7244,500,,,jfrantzich,
72,284,00-Jan-00,,EZ0201B7245,500,,,jfrantzich,
511,285,00-Jan-00,,EZ0201B7247,500,,,jfrantzich,
512,286,00-Jan-00,,EZ0201B7246,500,,,jfrantzich,
81,287,00-Jan-00,,EZ0301B8122,500,,,jfrantzich,
73,288,00-Jan-00,,EZ0301B8120,500,,,jfrantzich,
513,289,00-Jan-00,,EZ0301B8123,500,,,jfrantzich,
514,290,00-Jan-00,,EZ0301B8121,500,,,jfrantzich,
515,292,00-Jan-00,,EZ0301B8787,500,,,jfrantzich,
516,293,00-Jan-00,,EZ0301B8786,500,,,jfrantzich,
83,294,00-Jan-00,,EZ0301B8788,500,,,jfrantzich,
84,295,00-Jan-00,,EZ0301B8789,500,,,jfrantzich,
517,296,00-Jan-00,,EZ0301B8790,500,,,jfrantzich,
518,297,00-Jan-00,,EZ0301B9560,500,,,jfrantzich,
519,298,00-Jan-00,,EZ0301B9561,500,,,jfrantzich,
85,299,00-Jan-00,,EZ0401B9562,500,,,jfrantzich,
520,300,00-Jan-00,,EZ0401B9559,500,,,jfrantzich,
521,301,00-Jan-00,,EZ0401B10242,500,,,jfrantzich,
522,302,00-Jan-00,,EZ0401B10244,500,,,jfrantzich,
523,303,00-Jan-00,,EZ0401B10245,500,,,jfrantzich,
524,304,00-Jan-00,,EZ0401B10243,500,,,jfrantzich,
525,305,00-Jan-00,,EZ0501B11304,500,,,jfrantzich,
526,306,00-Jan-00,,EZ0501B11305,500,,,jfrantzich,
88,307,00-Jan-00,,EZ0501B11306,500,,,jfrantzich,
89,308,00-Jan-00,,EZ0501B11307,500,,,jfrantzich,
527,309,00-Jan-00,,EZ0501B0001,500,,,jfrantzich,
528,310,00-Jan-00,,EZ0501B0002,500,,,jfrantzich,
529,311,00-Jan-00,,EZ0501B0003,500,,,jfrantzich,
530,312,00-Jan-00,,EZ05010004,500,,,jfrantzich,
531,313,00-Jan-00,,EZ0601B13526,500,,,jfrantzich,
532,314,00-Jan-00,,EZ0601B13525,500,,,jfrantzich,
533,315,00-Jan-00,,EZ0601B0896,500,,,jfrantzich,
534,316,00-Jan-00,,EZ0601B0897,500,,,jfrantzich,
535,317,00-Jan-00,Sample taken at Fyke trap. Scufa tested.,EZ1101B1139,500,,,jfrantzich,
536,318,00-Jan-00,,EZ1201B0411,500,,,jfrantzich,
537,319,00-Jan-00,,EZ1201B0462,500,,,jfrantzich,
538,320,00-Jan-00,,EZ1201B0513,500,,,jfrantzich,
539,321,00-Jan-00,,EZ1201B0683,500,,,jfrantzich,
540,322,00-Jan-00,,EZ1201B0684,500,,,jfrantzich,
541,323,00-Jan-00,,EZ1201B0849,500,,,jfrantzich,
542,324,00-Jan-00,,EZ0102B1572,500,,,jfrantzich,
543,325,00-Jan-00,,EZ0102B1575,500,,,jfrantzich,
544,326,00-Jan-00,,EZ0102B1576,500,,,jfrantzich,
546,328,00-Jan-00,,EZ0102B1574,500,,,jfrantzich,
145,329,00-Jan-00,,EZ0102B2311,500,,,jfrantzich,
144,330,00-Jan-00,,EZ0102B2312,500,,,jfrantzich,
146,331,00-Jan-00,,EZ0102B2314,500,,,jfrantzich,
147,332,00-Jan-00,,,,,,,
148,333,00-Jan-00,800 mL,EZ0102B2986,500,,,jfrantzich,
149,334,00-Jan-00,800 mL,EZ0102B2983,500,,,jfrantzich,
150,335,00-Jan-00,1000 mL filtered,EZ0202B2985,500,,,jfrantzich,
151,336,00-Jan-00,500 mL filtered,,,,,,
143,337,00-Jan-00,,,,,,,
142,338,00-Jan-00,,,,,,,
547,339,00-Jan-00,,EZ0102B2984,500,,,jfrantzich,
152,340,00-Jan-00,1000mL filtered,EZ0202B3957,500,,,jfrantzich,
153,341,00-Jan-00,1000mL filtered,EZ0202B3955,500,,,jfrantzich,
154,342,00-Jan-00,1000mL,EZ0302B3958,500,,,jfrantzich,
155,343,00-Jan-00,1000mL,EZ0302B3956,500,,,jfrantzich,
157,344,00-Jan-00,1000mL;YB29,EZ0302B5591,500,,,jfrantzich,
548,345,00-Jan-00,1000mL,EZ0302B5589,500,,,jfrantzich,
159,346,00-Jan-00,YB 30; 1000mL,EZ0402B5592,500,,,jfrantzich,
549,347,00-Jan-00,1000mL; SR30,EZ0402B5590,500,,,jfrantzich,
,348,,,EZ0402B5592,500,,,jfrantzich,
160,349,00-Jan-00,1000mL,EZ0402B6959,1000,,,jfrantzich,
161,350,00-Jan-00,1000mL,EZ0402B6961,1000,,,jfrantzich,
550,351,00-Jan-00,1000ml filtered,EZ0402B6960,1000,,,jfrantzich,
551,352,00-Jan-00,800ml filtered,EZ0402B6962,800,,,jfrantzich,
164,353,00-Jan-00,1000ml total sampled,EZ0602B8351,500,,,jfrantzich,
165,354,00-Jan-00,500ml filtered,EZ0602B8352,500,,,jfrantzich,
134,355,00-Jan-00,,EZ0602B8354,500,,,jfrantzich,
135,356,00-Jan-00,,EZ0602B8353,500,,,jfrantzich,
168,357,00-Jan-00,1000mL,EZ0602B9436,500,,,jfrantzich,
169,358,00-Jan-00,400mL,EZ0602B9434,500,,,jfrantzich,
170,359,00-Jan-00,,EZ0602B9437,500,,,jfrantzich,
171,360,00-Jan-00,,EZ0602B9435,500,,,jfrantzich,
172,361,00-Jan-00,500ml filtered,EH0103B0005,500,,,jfrantzich,
173,362,00-Jan-00,500ml filtered,EH0103B0004,500,,,jfrantzich,
174,363,00-Jan-00,,EH0103B0007,500,,,jfrantzich,
175,364,00-Jan-00,,EH0103B0006,500,,,jfrantzich,
176,365,00-Jan-00,,EH0103B0013,500,,,jfrantzich,
177,366,00-Jan-00,,EH0103B0012,500,,,jfrantzich,
178,367,00-Jan-00,,EH0103B0023,500,,,jfrantzich,
204,368,00-Jan-00,,EH0103B0022,500,,,jfrantzich,
179,369,00-Jan-00,,EH0103B0027,500,,,jfrantzich,
180,370,00-Jan-00,,EH0103B0026,500,,,jfrantzich,
554,371,00-Jan-00,+ replicate (500ml),ESF0911B0294,500,ESF0911B0296,500,nikemiyagi,jjenkins
555,372,00-Jan-00,+ Replicate 500ml,ESF0911B0293,500,ESF0911B0295,500,nikemiyagi,jjenkins
556,373,00-Jan-00,500 ml,ESC1011B0006,500,ESC1011B0008,500,nikemiyagi,jjenkins
557,374,00-Jan-00,,ESC1011B0005,500,ESC1011B0007,500,nikemiyagi,jjenkins
558,375,00-Jan-00,500ml + replicate,ESC1011B0290,500,ESC1011B0292,500,nikemiyagi,jjenkins
559,376,00-Jan-00,500ml  +replicate,ESC1011B0289,500,ESC1011B0291,500,nikemiyagi,jjenkins
560,377,00-Jan-00,500ml,ESG1111B0001,500,ESG1111B0003,500,nikemiyagi,jjenkins
561,378,00-Jan-00,500ml,ESG1111B0002,500,ESG1111B0004,500,nikemiyagi,jjenkins
562,379,00-Jan-00,500mL,ESG1111B0005,500,ESG1111B0007,500,nikemiyagi,jjenkins
563,380,00-Jan-00,500mL,ESG1111B0006,500,ESG1111B0008,500,nikemiyagi,jjenkins
564,381,00-Jan-00,500mL + Replicate,ESC1111B0297,500,ESC1111B0299,500,nikemiyagi,jjenkins
565,382,00-Jan-00,500mL +Replicate,ESC1111B0298,500,ESC1111B0300,500,nikemiyagi,jjenkins
566,383,00-Jan-00,500mL +Replicate,ESF1211B0297,500,ESF1211B0299,500,nikemiyagi,jjenkins
567,384,00-Jan-00,500mL,ESF1211B0298,500,ESF1211B0300,500,nikemiyagi,jjenkins
568,385,00-Jan-00,500mL,ESF1211B0302,500,ESF1211B0304,500,nikemiyagi,jjenkins
569,386,00-Jan-00,500mL,ESF1211B0301,500,ESF1211B0303,500,nikemiyagi,jjenkins
570,387,00-Jan-00,500mL +Replicate,ESF0112B0305,500,ESF0112B0307,500,nikemiyagi,jjenkins
571,388,00-Jan-00,500mL,ESF0112B0306,500,ESF0112B0308,500,nikemiyagi,jjenkins
572,389,00-Jan-00,500mL,ESF0112B0310,500,ESF0112B0312,500,SR,lrojas
573,390,00-Jan-00,500mL,ESF0112B0309,500,ESF0112B0311,500,SR,lrojas
574,391,00-Jan-00,500mL,ESG0212B0009,500,ESG2012B0011,500,SR,jjenkins
575,392,00-Jan-00,500mL,ESG0212B0010,500,ESG0212B0012,500,SR,jjenkins
577,393,00-Jan-00,500 Ml,ESG0212B0017,500,ESG0212B0019,500,Ahsiung,jjenkins
578,394,00-Jan-00,500 Ml,,,ESG0212B0020,500,ahsiung,jjenkins
579,395,00-Jan-00,,ESF0312B0355,500,ESF0312B0357,500,ahsiung,jjenkins
580,396,00-Jan-00,,ESF0312B0356,500,ESF0312B0358,500,ahsiung,jjenkins
581,397,00-Jan-00,,ESG0312B0021,500,ESG0312B0023,500,srohrer,jjenkins
582,398,00-Jan-00,500mL,ESG0312B0022,500,ESG0312B0024,500,srohrer,jjenkins
583,399,00-Jan-00,500mL,ESF0512B0364,500,ESF0512B0366,500,srohrer,jjenkins
584,400,00-Jan-00,500mL,ESF0512B0363,500,ESF0512B0365,500,srohrer,jjenkins
585,401,00-Jan-00,500mL,ESG0412B0026,500500,ESG0412B0028,,srohrer,jjenkins
586,402,00-Jan-00,500mL,ESG0412B0025,500,ESG0412B0027,500,srohrer,jjenkins
587,403,00-Jan-00,500mL,ESF0412B0360,500,ESF0412B0362,500,srohrer,jjenkins
589,405,00-Jan-00,500mL,ESF0412B0359,500,ESF0412B0361,500,srohrer,jjenkins
590,406,00-Jan-00,500 Ml,ESF0512B0367,500,ESF0512B0369,500,srohrer,jjenkins
591,407,00-Jan-00,500 Ml,ESF0512B0368,500,ESF0512B0370,500,srohrer,jjenkins
592,408,00-Jan-00,500 Ml,ESH0512B0001,500,ESH0512B0003,500,srohrer,jjenkins
593,409,00-Jan-00,500 Ml,ESH0512B0002,500,ESH0512B0004,500,srohrer,jjenkins
594,410,00-Jan-00,500mL,esf0612b0376,500,esf0612b0378,500,srohrer,jjenkins
595,411,00-Jan-00,500mL,esf061b0375,500,esf061b0377,500,srohrer,jjenkins
596,412,00-Jan-00,500ml,ESH0612B0010,500,ESH0612B0012,500,srohrer,jjenkins
597,413,00-Jan-00,500ml,ESH0612B0009,500,ESH0612B0011,500,srohrer,jjenkins
598,414,00-Jan-00,500ml,ESF0712B0380,500,ESF0712B0382,500,srohrer,jjenkins
599,415,00-Jan-00,500ml,ESF0712B0379,500,ESF0712B0381,500,srohrer,jjenkins
600,416,00-Jan-00,500ml,ESF0712B0383,500,ESF0712B0385,500,pchoy,jjenkins
601,417,00-Jan-00,500ml,ESF0712B0384,500,ESF0712B0386,500,pchoy,jjenkins
602,418,00-Jan-00,500ml,ESH081B0014,500,ESH081B0016,500,pchoy,jjenkins
603,419,00-Jan-00,500ml,ESH081B0013,500,ESH081B0015,500,pchoy,jjenkins
484,420,00-Jan-00,,EZ0104B6104,500,,,jfrantzich,
485,421,00-Jan-00,,EZ0104B6104,500,,,jfrantzich,
605,423,00-Jan-00,Larval and Zoop data collected on 1/23/2004,EDD0104B0012,500,,,jfrantzich,
488,424,00-Jan-00,,EDD0204B0028,500,,,jfrantzich,
489,425,00-Jan-00,,EDD0204B0027,500,,,jfrantzich,
490,426,00-Jan-00,,EDD0204B0044,500,,,jfrantzich,
491,427,00-Jan-00,,EDD0204B0043,500,,,jfrantzich,
606,428,00-Jan-00,No Larval or Zoop samples taken at STTD,EDD0304B0086,500,,,jfrantzich,
496,429,,Chlorophyll taken on 3/23,,,,,,
497,430,00-Jan-00,,EDD0304B0089,500,,,jfrantzich,
607,431,00-Jan-00,Chlorophyll only,EDD0304B0089,500,,,jfrantzich,
493,432,,Chlorophylls not taken,,500,,,,
498,433,00-Jan-00,,EDD0404B0091,500,,,jfrantzich,
608,434,00-Jan-00,,EDD0404B0092,500,,,jfrantzich,
609,435,,Chlorophyll not taken,,,,,,
610,436,,Chlorophyll not taken,,,,,,
611,437,00-Jan-00,Chlorophyll only,EDD0404B0093,500,,,jfrantzich,
612,438,00-Jan-00,Chlorophyll only,EDD0404B0094,500,,,jfrantzich,
613,439,00-Jan-00,,EDD0504B0095,500,,,jfrantzich,
614,440,00-Jan-00,Chlorophyll only,EDD0504B0096,500,,,jfrantzich,
615,441,00-Jan-00,,EDD0504B0099,500,,,jfrantzich,
616,442,00-Jan-00,,EDD0504B0100,500,,,jfrantzich,
617,443,00-Jan-00,,EDD0604B0103,500,,,jfrantzich,
618,444,00-Jan-00,,EDD0604B0104,500,,,jfrantzich,
181,445,00-Jan-00,,eh0103B0031,500,,,,
182,446,00-Jan-00,,EH0103B0030,500,,,,
183,447,00-Jan-00,,EH0203B0037,500,,,,
184,448,00-Jan-00,,EH0303B0043,500,,,,
185,449,00-Jan-00,,EH0303B0042,500,,,,
186,450,00-Jan-00,,EH0303B0047,500,,,,
187,451,00-Jan-00,,EH0303B0046,500,,,,
188,452,00-Jan-00,,EH0403B0049,500,,,,
189,453,00-Jan-00,,EH0403B0048,,,,,
190,454,00-Jan-00,,EH0403B0051,500,,,,
191,455,00-Jan-00,,EH0403B0050,500,,,,
192,456,00-Jan-00,,EH0503B0053,500,,,,
193,457,00-Jan-00,,EH0503B0052,500,,,,
194,458,00-Jan-00,,EH0503B0069,500,,,,
195,459,00-Jan-00,,EH0503B0068,500,,,,
196,460,00-Jan-00,,EH0503B0077,500,,,,
197,461,00-Jan-00,,EH0503B0076,500,,,,
198,462,00-Jan-00,,EH0603B0083,500,,,,
199,463,00-Jan-00,,EH0603B0082,500,,,,
200,464,00-Jan-00,,EH0603B0087,500,,,,
201,465,00-Jan-00,,EH0603B0086,500,,,,
202,466,00-Jan-00,,,,,,,
203,467,00-Jan-00,,,,,,,
619,468,00-Jan-00,,EH0203B0032,500,,,,
620,469,00-Jan-00,,EH0203B0032,500,,,,
621,470,00-Jan-00,,EH0203B0035,500,,,,
622,471,00-Jan-00,,EH0203B0034,500,,,,
623,472,00-Jan-00,,EH0203B0039,500,,,,
624,473,00-Jan-00,,EH0203B0038,500,,,,
625,474,00-Jan-00,,EH0203B0040,500,,,,
626,475,00-Jan-00,,EH0203B0041,500,,,,
627,476,00-Jan-00,,EH0303B0044,500,,,,
628,477,00-Jan-00,,EH0303B0045,500,,,,
629,478,00-Jan-00,,EH0503B0054,500,,,,
630,479,00-Jan-00,,EH0503B0055,500,,,,
631,480,00-Jan-00,,EH0503B0056,500,,,,
632,481,00-Jan-00,,EH0503B0057,500,,,,
633,482,00-Jan-00,,EH0503B0058,500,,,,
634,483,00-Jan-00,,EH0503B0059,500,,,,
635,484,00-Jan-00,,EH0503B0071,500,,,,
636,485,00-Jan-00,,EH0503B0070,500,,,,
637,486,00-Jan-00,,EH0503B0074,500,,,,
638,487,00-Jan-00,,EH0503B0075,500,,,,
639,488,00-Jan-00,,EH0603B0078,500,,,,
640,489,00-Jan-00,,EH0603B0079,500,,,,
641,490,00-Jan-00,,EH0603B0084,500,,,,
642,491,00-Jan-00,,EH0603B0085,500,,,,
644,492,00-Jan-00,,EH0203B0036,500,,,,
646,493,00-Jan-00,500 Ml,ESH0812B0017,500,ESH0812B0019,500,srohrer,jjenkins
647,494,00-Jan-00,500 mL,ESH0812B0018,500,ESH0812B0020,500,srohrer,jjenkins
648,495,00-Jan-00,500ml,ESH0912B0021,500,ESH0912B0022,500,jfrantzich,jjenkins
649,496,00-Jan-00,500ml,ESH0912B0022,500,ESH0912B0024,500,jfrantzich,jjenkins
651,498,00-Jan-00,500ml + replicate,ESF0912B0111,500,ESF0912B0113,500,PCHOY,jjenkins
652,499,00-Jan-00,500 ml + replicate,ESF0912B0110,500,ESF0912B0112,500,PCHOY,jjenkins
653,500,00-Jan-00,500ml,ESH1012B0052,500,ESH1012B0054,500,PCHOY,jjenkins
654,501,00-Jan-00,500ml,ESH1012B0055,500,,,PCHOY,jjenkins
655,502,00-Jan-00,500ml,ESH1012B0068,500,ESH1012B0070,500,PCHOY,jjenkins
656,503,00-Jan-00,500ml,ESH1012B0069,500,ESH1012B0071,500,PCHOY,jjenkins
657,504,00-Jan-00,500 ML,ESF1012B0127,500,ESF1012B0129,500,PCHOY,jjenkins
658,505,00-Jan-00,500mL,ESF1012B0126,500,ESF1012B0128,500,PCHOY,jjenkins
659,506,00-Jan-00,500ml,ESF1112B0131,500,ESF1112B0133,500,PCHOY,jjenkins
660,507,00-Jan-00,500ml,ESF1112B0130,500,ESF1112B0132,500,PCHOY,jjenkins
661,508,00-Jan-00,500ml,ESF1112B0138,500,ESF1112B0140,500,pchoy,jjenkins
662,509,00-Jan-00,500ml,ESF1112B0139,500,ESF1112B0141,500,pchoy,jjenkins
663,510,00-Jan-00,500ml + replicate,ESH1212B0073,500,ESH1212B0075,500,pchoy,jjenkins
664,511,00-Jan-00,500ml + replicate,ESH1212B0072,500,ESH1212B0074,500,pchoy,jjenkins
665,512,00-Jan-00,500 ml,ESH0113B0009,500,ESH0113B0011,500,jfrantzich,rfichman
666,513,00-Jan-00,500 ml,ESH0113B0010,500,ESH0113B0012,500,jfrantzich,rfichman
667,514,00-Jan-00,500 ml,ESH1212B0001,500,ESH1212B0003,500,jfrantzich,jjenkins
668,515,00-Jan-00,500ml,ESH121B0002,500,ESH121B0004,500,jfrantzich,jjenkins
669,516,00-Jan-00,500ml,ESH0113B0013,500,ESH0113B0015,500,jfrantzich,rfichman
670,517,00-Jan-00,500 ml,ESH0113B0014,500,ESH0113B0016,500,jfrantzich,rfichman
671,518,00-Jan-00,500mL,ESH0113B0018,500,ESH0113B0020,500,lrojas,rfichman
672,519,00-Jan-00,500mL,ESH0113B0017,500,ESH0113B0019,500,lrojas,rfichman
673,520,00-Jan-00,500mL,ESH0113B0025,500,ESH0113B0027,500,pchoy,rfichman
674,521,00-Jan-00,500mL,ESH0113B0026,500,ESH0113B0028,500,pchoy,rfichman
676,522,00-Jan-00,500mL,ESH0113B0029,500,ESH0113B0031,500,pchoy,rfichman
677,523,00-Jan-00,500mL,ESH0113B0030,500,ESH0113B0032,500,pchoy,rfichman
678,524,00-Jan-00,500mL,ESH0213B0033,500,ESH0213B0035,500,lrojas,rfichman
679,525,00-Jan-00,500mL,ESH0213B0034,500,ESH0213B0036,500,lrojas,rfichman
680,526,00-Jan-00,500mL,ESH0213B0037,500,ESH0213B0039,500,lrojas,rfichman
681,527,00-Jan-00,500mL,ESH0213B0038,500,ESH0213B0040,500,lrojas,rfichman
682,528,00-Jan-00,500mL,ESH0213B0041,500,ESH0213B0043,500,lrojas,rfichman
683,529,00-Jan-00,500mL,ESH0213B0042,500,ESH0213B0044,500,lrojas,rfichman
684,530,00-Jan-00,500mL,ESH0213B0045,500,ESH0213B0047,500,lrojas,rfichman
685,531,00-Jan-00,500mL,ESH0213B0046,500,ESH0213B0048,500,lrojas,rfichman
686,532,00-Jan-00,500mL,ESH0313B0053,500,ESH0313B0055,500,lrojas,rfichman
687,533,00-Jan-00,500mL,ESH0313B0054,500,ESH0313B0056,500,lrojas,rfichman
689,534,00-Jan-00,500mL,ESH0313B0060,500,ESH0313B0062,500,lrojas,rfichman
690,535,00-Jan-00,500mL,ESH0313B0059,500,ESH0313B0061,500,lrojas,rfichman
691,536,00-Jan-00,500mL,ESH0313B0066,500,ESH0313B0068,500,lrojas,rfichman
692,537,00-Jan-00,500mL,ESH0313B0065,500,ESH0313B0067,500,lrojas,rfichman
694,538,00-Jan-00,500mL,ESH0413B0071,500,ESH0413B0073,500,lrojas,rfichman
695,539,00-Jan-00,500mL,ESH0413B0072,500,ESH0413B0074,500,lrojas,rfichman
696,540,00-Jan-00,500mL,ESH0413B0078,500,ESH0413B0080,500,lrojas,hcarlson
697,541,00-Jan-00,500mL,ESH0413B0077,500,ESH0413B0079,500,lrojas,hcarlson
698,542,00-Jan-00,500mL +rep,ESH0413B0089,500,ESH0413B0091,500,lrojas,hcarlson
699,543,00-Jan-00,500mL +rep,ESH0413B0090,500,ESH0413B0092,500,lrojas,hcarlson
701,544,00-Jan-00,500mL + rep,ESH0513B0096,500,ESH0513B0098,500,lrojas,hcarlson
702,545,00-Jan-00,500mL + rep,ESH0513B0095,500,ESH0513B0097,500,lrojas,hcarlson
703,546,00-Jan-00,500mL + rep,ESH0513B0101,500,ESH0513B0103,500,lrojas,hcarlson
704,547,00-Jan-00,500mL + rep,ESH0515B0102,500,ESH0515B0104,,lrojas,hcarlson
705,548,00-Jan-00,500mL +rep,ESH0613B0113,500,ESH0613B0115,500,lrojas,hcarlson
706,549,00-Jan-00,500mL + REP,ESH0613B0114,500,ESH0613B0116,500,lrojas,hcarlson
707,550,00-Jan-00,Replicate/500mL,ESH0613B0128,500,ESH0613B0130,500,lrojas,hcarlson
708,551,00-Jan-00,500mL + rep,ESH0613B0127,500,ESH0613B0129,500,lrojas,hcarlson
709,552,00-Jan-00,500mL + rep,ESH0713B0135,500,ESH0713B0137,500,Hcarlson,hcarlson
710,553,00-Jan-00,500mL +rep,ESH0713B0134,500,ESH0713B0136,500,hcarlson,hcarlson
711,554,00-Jan-00,,ESH0713B0163,500,ESH0713B0165,500,hcarlson,hcarlson
712,555,00-Jan-00,,ESH0713B0162,500,ESH0713B0164,500,hcarlson,hcarlson
713,556,00-Jan-00,,ESH0813B0192,,ESH0813B0194,,hcarlson,hcarlson
714,557,00-Jan-00,,EA0813B1330,,EAO813B1331,,hcarlson,jshen
715,558,00-Jan-00,,ESH0813B0213,250,ESH0813B0216,250,hcarlson,hcarlson
716,559,00-Jan-00,,ESH0813B0212,500,ESH0813B0215,500,hcarlson,hcarlson
717,560,00-Jan-00,,ESH0913b0224,500,ESH0913B0227,500,Hcarlson,mogaz
718,561,00-Jan-00,,EA0913B2058,250,EA0913B2059,250,hcarlson,mogaz
719,562,00-Jan-00,,ES1013B0170,,ES1013B0173,,hcarlson,mogaz
720,563,00-Jan-00,,ES1013B0172,,ES1013B0175,,hcarlson,mogaz
721,564,00-Jan-00,,ES1013B0171,,ES1013B0174,,hcarlson,mogaz
723,565,00-Jan-00,,EA0913B1802,250,EA0913B1803,250,hcarlson,mogaz
724,566,00-Jan-00,,ES0913B0001,,ES0913B0004,,hcarlson,mogaz
725,567,00-Jan-00,,ES1013B0246,,,,mogaz,ashakya
726,568,00-Jan-00,,ES1013B0260,,ES1013B0263,,hcarlson,mogaz
727,569,00-Jan-00,250 mL,ES1013B0421,,ES1013B0424,,hcarlson,mogaz
728,570,00-Jan-00,Phytoplankton sample taken,ES1013B0420,,ES1013B0423,,hcarlson,mogaz
729,571,00-Jan-00,,ES1013B0419,,ES1013B0422,,hcarlson,mogaz
733,574,00-Jan-00,,EA0813B1326,,EA0813B1327,,jshen,hcarlson
734,575,00-Jan-00,,EA0813B1511,,EA0813B1512,,jshen,ashakya
735,576,00-Jan-00,,ESH0813B0214,,ESH0813B0217,,jshen,hcarlson
736,577,00-Jan-00,,EA0913B1798,,EA0913B1799,,jshen,mogaz
737,578,00-Jan-00,,EA0913B1929,,EA0913B1930,,jshen,ashakya
738,579,00-Jan-00,,EA0913B2054,,EA0913B2055,,jshen,mogaz
739,580,00-Jan-00,,EA0913B2140,,EA0913B2141,,jshen,ashakya
740,581,00-Jan-00,,EA0913B2230,,EA0913B2231,,jshen,ashakya
741,582,00-Jan-00,,EA1013B2358,,EA1013B2359,,jshen,ashakya
742,583,00-Jan-00,,ES1013B0186,,,,jshen,ashakya
743,584,00-Jan-00,,ES1013B0242,,,,jshen,mogaz
744,585,00-Jan-00,,ES1013B0293,,,,jshen,ashakya
745,586,00-Jan-00,,ESH0313B0057,500,ESH0313B0058,500,hcarlson,rfichman
746,587,00-Jan-00,,ESH0313B0063,500,ESH0313B0064,500,hcarlson,rfichman
747,588,00-Jan-00,,,,,,,
748,589,00-Jan-00,,ESH0313B0069,500,ESH0313B0070,500,hcarlson,rfichman
749,590,00-Jan-00,,ESH0413B0075,500,ESH0413B0076,500,hcarlson,rfichman
750,591,00-Jan-00,,ESH0413B0081,,ESH0413B0082,,hcarlson,hcarlson
752,592,00-Jan-00,,ESH0413B0093,,ESH0413B0094,,hcarlson,hcarlson
753,593,00-Jan-00,,ESH0513B0099,,ESH0513B0100,,hcarlson,hcarlson
754,594,00-Jan-00,500ml,ESH0513B0105,,ESH0513B0106,,hcarlson,hcarlson
755,595,00-Jan-00,,ESH0613B0117,,ESH0613B0118,,hcarlson,hcarlson
756,596,00-Jan-00,500mL,ESH0613B0131,,ESH0613B0132,,hcarlson,hcarlson
757,597,00-Jan-00,500 mL,ESH0713B0138,,ESH0713B0139,,hcarlson,hcarlson
758,598,00-Jan-00,,ESH0713B0166,,ESH0713B0167,,hcarlson,hcarlson
760,599,00-Jan-00,,ES1113B0436,,ES1113B0439,,hcarlson,mogaz
761,600,00-Jan-00,,ES1113B0437,,ES1113B0440,,hcarlson,mogaz
762,601,00-Jan-00,,ES1113B0435,,ES1113B0438,,hcarlson,mogaz
763,602,00-Jan-00,,ES1213B0474,,ES1213B0477,,hcarlson,mogaz
764,603,00-Jan-00,,ES121B0444,,ES121B0446,,hcarlson,mogaz
765,604,00-Jan-00,,ES1213B0475,,ES1213B0478,,hcarlson,mogaz
766,605,00-Jan-00,,ES1213B0510,500,ES1213B0513,500,jshen,mogaz
767,606,00-Jan-00,250mL,ES1213B0480,250,ES1213B0482,250,jshen,mogaz
768,607,00-Jan-00,,ES1213B0511,250,ES1213B0514,250,jshen,mogaz
769,608,00-Jan-00,,ES0114B0002,,ES0114B0005,,hcarlson,mogaz
770,609,00-Jan-00,,ES0114B0003,,ES0114B0006,,hcarlson,mogaz
771,610,00-Jan-00,,ES0114B0001,,ES0114B0004,,hcarlson,mogaz
772,611,00-Jan-00,250ml,ES0114B0007,,ES0114B0009,,hcarlson,mogaz
773,612,00-Jan-00,500ml,ES0114B0010,500,ES0114B0013,,hcarlson,mogaz
774,613,00-Jan-00,,ES0114B0011,,ES0114B0014,,hcarlson,mogaz
775,614,00-Jan-00,,ES0114B0012,,ES0114B0015,,hcarlson,mogaz
776,615,00-Jan-00,,ES0114B0019,,ES0114B0022,,hcarlson,mogaz
777,616,00-Jan-00,,ES0114B0020,,ES0114B0023,,hcarlson,mogaz
778,617,00-Jan-00,,ES0114B0021,,ES0114B0024,,mogaz,hcarlson
779,618,00-Jan-00,,ES0214B0033,,ES0214B0036,,hcarlson,mogaz
780,619,00-Jan-00,,ES0214B0034,,ES0214B0037,,hcarlson,mogaz
781,620,00-Jan-00,,ES0214B0035,,ES0214B0038,,hcarlson,mogaz
782,621,00-Jan-00,Replicate taken (250 mL),es0214b0071,,es0214b0074,,amunguia,mogaz
783,622,00-Jan-00,Replicate taken (250mL),es0214b0070,,es0214b0073,,amunguia,mogaz
784,623,00-Jan-00,Replicate taken (500mL),es0214b0069,,es0214b0072,,amunguia,mogaz
787,625,00-Jan-00,500mL(REPLICATE),es0314b0093,,es0314b0096,,amunguia,mogaz
788,626,00-Jan-00,250mL(REPLICATE),es0314b0094,,es0314b0097,,amunguia,mogaz
785,627,00-Jan-00,250mL(replicate),es0314b0095,,es0314b0098,,amunguia,mogaz
789,628,00-Jan-00,250mL(replicate)no phyto,ES0314B0104,,ES0314B0107,,amunguia,mogaz
790,629,00-Jan-00,250mL(replicate),ES0314B0103,,ES0314B0106,,amunguia,mogaz
791,630,00-Jan-00,500mL(replicate),ES0314B0102,,ES0314B0105,,amunguia,mogaz
792,631,00-Jan-00,,ES0414B0116,,ES0414B0119,,hcarlson,mogaz
793,632,00-Jan-00,,ES0414B0117,,ES0414B0120,,hcarlson,mogaz
794,633,00-Jan-00,,ES0414B0118,,ES0414B8121,,hcarlson,mogaz
795,634,00-Jan-00,,ES0414B0122,,ES0414B0124,,hcarlson,mogaz
796,635,00-Jan-00,,ES0414B0125,,ES0414B0128,,hcarlson,mogaz
797,636,00-Jan-00,,ES0414B0126,,ES0414B0129,,hcarlson,mogaz
799,637,00-Jan-00,"yes, replicate",ES0514B0134,,ES0514B0137,,hcarlson,mogaz
800,638,00-Jan-00,yes: replicate,ES0514B0131,,ES0514B0133,,hcarlson,mogaz
801,639,00-Jan-00,,ES0514B0135,,ES0514B0138,,hcarlson,mogaz
802,640,00-Jan-00,,ES0514B0140,,ES0514B0142,,hcarlson,mogaz
803,641,00-Jan-00,,ES0514B0143,,ES0514B0146,,hcarlson,mogaz
804,642,00-Jan-00,,ES0514B0144,,ES0514B0147,,hcarlson,mogaz
805,643,00-Jan-00,,ES0614B0159,,ES0614B0162,,Mogaz,ashakya
806,644,00-Jan-00,,ES0614B0158,,ES0614B0161,,mogaz,ashakya
808,645,00-Jan-00,,ES0614B0149,,ES0614B0151,,hcarlson,ashakya
809,646,00-Jan-00,,ES0614B0168,,ES0614B0171,,mogaz,ashakya
810,647,00-Jan-00,,ES0614B0169,,ES0614B0172,,mogaz,ashakya
811,648,00-Jan-00,,ES0614B0167,,ES0614B0170,,Mogaz,ashakya
814,649,00-Jan-00,,ES0714B0176,,ES0714B0179,,mogaz,ashakya
815,650,00-Jan-00,250ml,ES0714B0177,,ES0714B0180,,mogaz,ashakya
813,651,00-Jan-00,,ES0714B0178,,ES0714B0181,,mogaz,ashakya
817,652,00-Jan-00,,,,,,,
818,653,00-Jan-00,,ES0714B0173,,ES0714B0175,,mogaz,
819,654,00-Jan-00,replicate taken,ES0814B0263,,ES0814B0266,,hcarlson,ashakya
820,655,00-Jan-00,,ES0814B0228,250,,,opatton,ashakya
824,657,00-Jan-00,,ES0814B0348,500,ES0814B0351,500,jfrantzich,jfrantzich
825,658,00-Jan-00,,ES0814B0328,,,,mogaz,ashakya
826,659,00-Jan-00,,ES0914B0413,,ES0914B0416,,OP,mogaz
827,660,00-Jan-00,,ES0914B0406,,,,mogaz,mogaz
828,661,00-Jan-00,,ES0914B0473,,ES0914B0476,,OP,mogaz
829,662,00-Jan-00,,ES0914B0460,,ES0914B0466,,mogaz,mogaz
830,663,00-Jan-00,,ES1014B0513,,ES1014B0516,,amunguia,mogaz
831,664,00-Jan-00,,ES1014B0506,250,,,mogaz,mogaz
832,665,00-Jan-00,,ES1014B0559,,ES1014B0562,,amunguia,mogaz
833,666,00-Jan-00,,ES1014B0552,,,,mogaz,mogaz
834,667,00-Jan-00,500 mL,ES1114B0582,,ES1114B0585,,amunguia,mogaz
835,668,00-Jan-00,"250 mL, phyto, replicate",ES1114B0583,,ES1114B0586,,amunguia,mogaz
836,669,00-Jan-00,"500mL, phyto, replicate",ES1114B0588,,ES1114B0591,,Amunguia,mogaz
837,670,00-Jan-00,"250mL, phyto, replicate",ES1114B0589,,ES1114B0592,,amunguia,mogaz
838,671,00-Jan-00,"250mL, replicate,",ES1214B0608,,ES1214B0611,,amunguia,mogaz
839,672,00-Jan-00,REPLICATE AND PHYTO,ES1214B0609,,ES1214B0612,,amunguia,mogaz
840,673,00-Jan-00,"500mL, PHYTO, REPLICATE",ES1214B0620,,ES1214B0623,,mogaz,mogaz
841,674,00-Jan-00,"250mL, PHYTO, REPLICATE",ES1214B0621,,ES1214B0624,,mogaz,mogaz
842,675,00-Jan-00,,ES1214B0640,,ES1214B0643,,mogaz,mogaz
843,676,00-Jan-00,,ES1214B0641,,ES1214B0644,,mogaz,mogaz
844,677,00-Jan-00,,ES0115B0015,,ES0115B0018,,mogaz,mogaz
845,678,00-Jan-00,,ES0115B0016,,ES0115B0019,,mogaz,mogaz
846,679,00-Jan-00,,ES0814B0304,250,,,opatton,ashakya
847,680,00-Jan-00,,ES0814B0341,250,ES0814B0347,250,opatton,ashakya
848,681,00-Jan-00,,ES0115B0022,,ES0115B0025,,mogaz,mogaz
849,682,00-Jan-00,,ES0115B0021,,ES0115B0024,,mogaz,mogaz
850,683,00-Jan-00,,ES0215B0047,500,ES0215B0050,500,opatton,mogaz
851,684,00-Jan-00,,ES0215B0048,500,ES0215B0051,500,opatton,mogaz
852,685,00-Jan-00,,ES0215B0054,250,ES0215B0057,250,opatton,mogaz
854,686,00-Jan-00,,ES0215B0053,500,ES0215B0056,500,opatton,mogaz
855,687,00-Jan-00,,ES0315B0116,500,ES0315B0119,500,opatton,rfichman
856,688,00-Jan-00,,ES0315B0117,250,ES0315B0120,250,opatton,sfogg
857,689,00-Jan-00,,ES0315B0126,250,ES0315B0129,250,opatton,mogaz
858,690,00-Jan-00,,ES0315B0125,,ES0315B0128,,opatton,mogaz
859,691,00-Jan-00,,ES0315B0138,,ES0315B0141,,mogaz,mogaz
860,692,00-Jan-00,,ES0415B0132,,ES0415B0135,,mogaz,mogaz
861,693,00-Jan-00,,ES0415B0131,,ES0415B0134,,mogaz,mogaz
862,698,00-Jan-00,,ES0814B0227,250,,,opatton,ashakya
863,699,00-Jan-00,,ES0814B0289,250,,,opatton,ashakya
865,701,00-Jan-00,,ES0814B0340,250,,,opatton,ashakya
866,702,00-Jan-00,,ES0914B0374,250,,,opatton,ashakya
868,703,00-Jan-00,,ES0914B0405,250,,,opatton,ashakya
869,704,00-Jan-00,,ES0914B0425,250,,,opatton,ashakya
870,705,00-Jan-00,,ES0914B0459,250,,,opatton,ashakya
872,706,00-Jan-00,,ES0814B0305,250,,,opatton,
873,707,00-Jan-00,,ES0814B0307,500,,,opatton,
874,708,00-Jan-00,,ES0814B0309,500,,,opatton,
876,709,00-Jan-00,,ES0914B0407,250,,,opatton,
877,710,00-Jan-00,,ES0914B0409,500,,,opatton,
878,711,00-Jan-00,,ES0914B0411,500,,,opatton,
880,712,00-Jan-00,,ES1014B0507,250,,,opatton,
881,713,00-Jan-00,,ES1014B0509,500,,,opatton,
882,714,00-Jan-00,,ES1014B0511,500,,,opatton,
884,715,00-Jan-00,,ES1014B0491,250,,,opatton,ashakya
885,716,00-Jan-00,,ES1014B0505,250,,,opatton,ashakya
886,717,00-Jan-00,,ES1014B0537,250,,,opatton,ashakya
887,718,00-Jan-00,,ES1014B0551,250,,,opatton,ashakya
888,719,00-Jan-00,,ES1014B0571,250,,,opatton,ashakya
891,720,00-Jan-00,,ES0814B0303,250,,,opatton,ashakya
889,721,00-Jan-00,,ES0814B0290,250,,,opatton,ashakya
892,722,00-Jan-00,,ES0914B0375,250,,,opatton,ashakya
893,723,00-Jan-00,,ES1014B0492,250,,,opatton,ashakya
894,724,00-Jan-00,,ES1014B0538,250,,,opatton,ashakya
895,725,00-Jan-00,,ES1014B0572,250,,,opatton,ashakya
896,726,00-Jan-00,,ES0814B0222,250,ES0814B0234,250,opatton,
897,727,00-Jan-00,,ES0814N0223,250,,,opatton,
898,728,00-Jan-00,,ES0814B0224,250,,,opatton,
899,729,00-Jan-00,,ES0814B0225,250,,,opatton,
900,730,00-Jan-00,,ES0814B0226,250,,,opatton,
901,731,00-Jan-00,,ES0814B0284,250,,,opatton,
902,732,00-Jan-00,,,,,,,
903,733,00-Jan-00,,ES0814B0286,250,ES0814B0296,250,opatton,
904,734,00-Jan-00,,,,,,,
905,735,00-Jan-00,,ES0814B0288,250,,,opatton,
906,736,00-Jan-00,,ES0814B0291,250,,,opatton,
907,737,00-Jan-00,,ES0814B0292,500,,,opatton,
908,738,00-Jan-00,,ES0814B0293,500,,,opatton,
909,739,00-Jan-00,,ES0814B0294,500,,,opatton,
910,740,00-Jan-00,,ES0814B0295,500,,,opatton,
911,741,00-Jan-00,,ES0814B0298,250,,,opatton,
912,742,00-Jan-00,,,,,,,
913,743,00-Jan-00,,,,,,,
914,744,00-Jan-00,,ES0814B0300,250,ES0814B0310,250,opatton,
915,745,00-Jan-00,,,,,,,
916,746,00-Jan-00,,ES0814B0302,250,,,opatton,
917,747,00-Jan-00,,ES0814B0335,250,,,opatton,
918,748,00-Jan-00,,,,,,,
919,749,00-Jan-00,,,,,,,
920,750,00-Jan-00,,ES0814B0337,250,,,opatton,
921,751,00-Jan-00,,,,,,,
922,752,00-Jan-00,,ES0814B0339,250,,,opatton,
923,753,00-Jan-00,,ES0914B0369,250,,,opatton,
924,754,00-Jan-00,,,,,,,
925,755,00-Jan-00,,ES0914B0371,250,,,opatton,
926,756,00-Jan-00,,,,,,,
927,757,00-Jan-00,,ES0914B0373,250,,,opatton,
928,758,00-Jan-00,,ES0914B0376,250,,,opatton,
929,759,00-Jan-00,,ES0914B0377,500,ES0914B0381,500,opatton,
930,760,00-Jan-00,,ES0914B0378,500,,,opatton,
931,761,00-Jan-00,,ES0914B0379,500,,,opatton,
932,762,00-Jan-00,,ES0914B0380,500,,,opatton,
933,763,00-Jan-00,,ES0914B0400,250,ES0914B0412,250,opatton,
934,764,00-Jan-00,,,,,,,
935,765,00-Jan-00,,ES0914B0402,250,,,opatton,
936,766,00-Jan-00,,,,,,,
937,767,00-Jan-00,,ES0914B0404,250,,,opatton,
938,768,00-Jan-00,,ES0914B0420,250,,,opatton,
939,769,00-Jan-00,,,,,,,
940,770,00-Jan-00,,ES0914B0422,250,,,opatton,
941,771,00-Jan-00,,,,,,,
942,772,00-Jan-00,,ES0914B0424,250,,,opatton,
943,773,00-Jan-00,,ES0914B0426,250,ES0914B0432,250,opatton,ashakya
944,774,00-Jan-00,,ES0914B0427,250,,,opatton,
945,775,00-Jan-00,,ES0914B0428,500,,,opatton,
946,776,00-Jan-00,,ES0914B0429,500,,,opatton,
947,777,00-Jan-00,,ES0914B0430,500,,,opatton,
948,778,00-Jan-00,,ES0914B0431,500,,,,
949,779,00-Jan-00,,ES0914B0454,250,,,opatton,
950,780,00-Jan-00,,,,,,,
951,781,00-Jan-00,,ES0914B0456,250,,,opatton,
952,782,00-Jan-00,,ES0914B0458,250,,,opatton,
953,783,00-Jan-00,,ES1014B0486,250,,,opatton,
954,784,00-Jan-00,,,,,,,
955,785,00-Jan-00,,ES1014B0488,250,,,opatton,
956,786,00-Jan-00,,,,,,,
957,787,00-Jan-00,,ES1014B0490,250,,,opatton,
958,788,00-Jan-00,,ES1014B0493,250,,,opatton,
959,789,00-Jan-00,,ES1014B0494,500,,,opatton,
960,790,00-Jan-00,,ES1014B0495,500,,,opatton,
961,791,00-Jan-00,,ES1014B0496,500,,,opatton,
962,792,00-Jan-00,,ES1014B0497,500,ES1014B0498,500,opatton,
963,793,00-Jan-00,,ES1014B0500,250,,,opatton,
964,794,00-Jan-00,,,,,,,
965,795,00-Jan-00,,ES1014B0502,250,,,opatton,
966,796,00-Jan-00,,,,,,,
967,797,00-Jan-00,,ES1014B0504,250,ES1014B0512,250,opatton,
968,798,00-Jan-00,,ES1014B0539,250,,,opatton,
969,799,00-Jan-00,,ES1014B0540,500,,,opatton,
970,800,00-Jan-00,,ES1014B0541,500,ES1014B0544,500,opatton,
971,801,00-Jan-00,,ES1014B0542,500,,,opatton,
972,802,00-Jan-00,,ES1014B0543,500,,,opatton,
973,803,00-Jan-00,,ES1014B0532,250,,,opatton,
974,804,00-Jan-00,,ES1014B0534,250,,,opatton,
975,805,00-Jan-00,,,,,,,
976,806,00-Jan-00,,ES1014B0536,250,,,opatton,
977,807,00-Jan-00,,ES1014B0550,250,,,opatton,
978,808,00-Jan-00,,,,,,,
979,809,00-Jan-00,,ES1014B0548,250,,,opatton,
980,810,00-Jan-00,,,,,,,
981,811,00-Jan-00,,ES1014B0546,250,,,opatton,
982,812,00-Jan-00,,ES1014B0566,250,,,opatton,
983,813,00-Jan-00,,,,,,,
984,814,00-Jan-00,,ES1014B0568,250,,,opatton,
985,815,00-Jan-00,,ES1014B0570,250,,,opatton,
986,816,00-Jan-00,,,,,,,
987,817,00-Jan-00,,ES1014B0573,250,,,opatton,
988,818,00-Jan-00,,ES1014B0574,500,,,opatton,
989,819,00-Jan-00,,ES1014B0575,500,ES1014B0578,500,opatton,
990,820,00-Jan-00,,ES1014B0576,500,,,opatton,
991,821,00-Jan-00,,ES1014B0577,500,,,opatton,
993,822,00-Jan-00,,ES0814B0233,500,,,opatton,
994,823,00-Jan-00,,ES0814B0232,500,,,opatton,
995,824,00-Jan-00,,ES0814B0231,500,,,opatton,
996,825,00-Jan-00,,ES0814B0230,500,,,opatton,
997,826,00-Jan-00,,ES0814B0229,250,,,opatton,
998,827,00-Jan-00,,,,,,,
1004,828,00-Jan-00,,ES0814B0308,500,,,opatton,
1005,829,00-Jan-00,,ES0814B0306,500,,,opatton,
1011,830,00-Jan-00,,ES0814B0346,500,,,opatton,
1012,831,00-Jan-00,,ES0814B0345,500,,,opatton,
1013,832,00-Jan-00,,ES0814B0344,500,,,opatton,
1014,833,00-Jan-00,,ES0814B0343,500,,,opatton,
1015,834,00-Jan-00,,ES0814B0342,250,,,opatton,
1017,835,,,,,,,,
1021,836,00-Jan-00,,ES0914B0410,500,,,opatton,
1022,837,00-Jan-00,,,,,,,
1023,838,00-Jan-00,,ES0914B0408,500,,,opatton,
1027,839,00-Jan-00,,ES0914B0465,500,,,opatton,
1029,840,00-Jan-00,,ES0914B0464,500,,,opatton,
1030,841,00-Jan-00,,ES0914B0463,500,,,opatton,
1031,842,00-Jan-00,,ES0914B0462,500,,,opatton,
1032,843,00-Jan-00,,ES0914B0461,250,,,opatton,
1036,844,00-Jan-00,,,,,,,
1037,845,00-Jan-00,,ES1014B0510,500,,,opatton,
1038,846,00-Jan-00,,ES1014B0508,500,,,opatton,
1047,847,00-Jan-00,,ES1014B0554,500,,,opatton,
1046,848,00-Jan-00,,ES1014B0553,250,,,opatton,
1048,849,00-Jan-00,,ES1014B0555,500,,,opatton,
1050,850,00-Jan-00,,ES1014B0556,500,,,opatton,
1051,851,00-Jan-00,,ES1014B0557,500,ES1014B0558,500,opatton,
1053,852,,,,,,,,
1054,853,00-Jan-00,,ES0415B0146,500,ES0415B0149,500,opatton,rfichman
1055,854,00-Jan-00,,ES0415B0148,250,ES0415B0151,250,opatton,rfichman
1056,855,00-Jan-00,,ES0415B0147,250,ES0415B0150,250,opatton,rfichman
1057,856,00-Jan-00,250mL,ES1114B0590,,ES1114B0593,,mogaz,mogaz
1058,857,00-Jan-00,,ES1214B0600,,Es1214B0607,,mogaz,mogaz
1059,858,00-Jan-00,,ES1214B0632,,ES1214B0639,,mogaz,mogaz
1060,859,00-Jan-00,,ES1214B0642,,ES1214B0645,,mogaz,mogaz
1061,860,00-Jan-00,,ES0115B0007,,ES0115B0014,,mogaz,mogaz
1062,861,00-Jan-00,,ES0115B0017,,ES0115B0020,,mogaz,mogaz
1063,862,00-Jan-00,,ES0115B0027,,ES0115B0029,,mogaz,mogaz
1064,863,00-Jan-00,,ES0215B0049,,ES0215B0052,,mogaz,mogaz
1065,864,00-Jan-00,,ES0215B0059,,ES0215B0061,,mogaz,mogaz
1066,865,00-Jan-00,,ES0315B0122,,ES0315B0124,,mogaz,mogaz
1067,866,00-Jan-00,,ES0315B0127,,ES0315B0130,,mogaz,mogaz
1068,867,00-Jan-00,,ES0415B0133,,ES0415B0136,,mogaz,mogaz
1070,868,00-Jan-00,500 mL,ES0415B0152,,ES0415B0155,,mogaz,rfichman
1071,869,00-Jan-00,250 mL,ES0415B0153,,ES0415B0156,,mogaz,rfichman
1072,870,00-Jan-00,,ES0415B0154,,ES0415B0157,,mogaz,rfichman
1074,871,00-Jan-00,,ES0515B0176,250,ES0515B0179,250,opatton,rfichman
1075,872,00-Jan-00,,ES0515B0158,250,ES0515B0160,250,opatton,rfichman
1076,873,00-Jan-00,,ES0515B0175,500,ES0515B0178,500,opatton,rfichman
1077,874,00-Jan-00,250 mL,ES0615B0184,250,ES0615B0186,250,opatton,rfichman
1078,875,00-Jan-00,500 mL,ES0615B0187,500,ES0615B0190,500,opatton,rfichman
1079,876,00-Jan-00,250 mL,ES0615B0188,250,ES0615B0191,250,opatton,rfichman
1081,877,00-Jan-00,500 mL,ES0615B0205,500,ES0615B0208,500,opatton,rfichman
1082,878,00-Jan-00,250 mL,ES0615B0196,250,ES0615B0198,250,opatton,rfichman
1083,879,00-Jan-00,250 mL,ES0615B0217,250,ES0615B0219,250,opatton,rfichman
1084,880,00-Jan-00,250 mL,ES0715B0221,250,ES0715B0224,250,opatton,rfichman
1085,881,00-Jan-00,500 mL,ES0715B0220,500,ES0715B0223,500,opatton,rfichman
1090,882,00-Jan-00,,ES0815B0406,500,ES0815B0409,500,opatton,rfichman
1091,883,00-Jan-00,500 mL,ES0715B0229,500,ES0715B0232,500,opatton,rfichman
1092,884,00-Jan-00,250 mL,ES0715B0226,250,ES0715B0228,250,opatton,rfichman
1093,885,00-Jan-00,250 mL,ES0715B0230,250,ES0715B0233,250,opatton,rfichman
1094,886,00-Jan-00,250 mL,ES0715B0235,250,ES0715B0237,250,opatton,rfichman
1095,887,00-Jan-00,250 mL,ES0715B0240,250,ES0715B0243,250,opatton,rfichman
1096,888,00-Jan-00,250 mL,ES0715B0239,250,ES0715B0242,250,opatton,rfichman
1097,889,00-Jan-00,500 mL,ES0715B0238,500,ES0715B0241,500,opatton,rfichman
1080,890,00-Jan-00,,ES0615B0206,250,ES0615B0209,250,opatton,rfichman
1087,891,,,,,,,,
1098,892,00-Jan-00,500,ES0815B0440,500,ES0815B0443,500,opatton,rfichman
1099,893,00-Jan-00,500 mL,ES0815B0492,500,ES0815B0495,500,opatton,jagundes
1100,894,,,ES0915B0490,500,,,jagundes,
1101,895,00-Jan-00,250 mL,ES0915B0485,250,,,jagundes,sfogg
1102,896,,,ES0915B0486,250,,,jagundes,
1103,897,,,ES0915B0487,500,,,jagundes,
1104,898,,,ES0915B0488,500,,,jagundes,
1105,899,,,ES0915B0489,500,,,jagundes,
1110,900,00-Jan-00,250 mL,ES1113B0344,250,ES1113B0346,250,opatton,rfichman
1111,901,00-Jan-00,250 mL,ES1113B0441,250,ES1113B0441,250,opatton,rfichman
1112,902,00-Jan-00,250 mL,ES0815B0419,250,,,jagundes,sfogg
1113,903,00-Jan-00,250 mL,ES0815B0251,250,,,jfrantzich,sfogg
1114,904,00-Jan-00,500 mL,ES0915B0585,500,ES0915B0588,500,jagundes,opatton
1115,905,00-Jan-00,500 mL,ES1015B0579,250,ES1015B0584,250,jagundes,
1116,906,00-Jan-00,500 mL,ES1015B0583,500,,,jagundes,
1117,907,00-Jan-00,500 mL,ES1015B0582,500,,,jagundes,
1118,908,00-Jan-00,500 mL,ES1015B0581,500,,,jagundes,
1119,909,00-Jan-00,500 mL,ES1015B0580,500,,,jagundes,
1120,910,00-Jan-00,250 mL,ES1015B0578,500,,,jagundes,sfogg
1121,911,00-Jan-00,500 mL,ES0915B0528,500,ES0915B0531,500,opatton,jagundes
1122,912,00-Jan-00,500 mL,ES0915B0525,500,,,jagundes,
1123,913,00-Jan-00,500 mL,ES0915B0526,500,,,jagundes,
1124,914,00-Jan-00,500 mL,ES0915B0524,,,,,
1125,915,00-Jan-00,500 mL,ES0915B0523,500,,,jagundes,
1126,916,00-Jan-00,250 mL,ES0915B0522,250,,,jagundes,
1127,917,00-Jan-00,250 mL,ES0915B0521,250,,,jagundes,sfogg
1142,918,00-Jan-00,500 mL,ES1015B0657,500,ES1015B0660,500,jagundes,opatton
1143,919,00-Jan-00,250 mL,ES1015B0650,250,,,jagundes,sfogg
1149,920,,forgot to take chloro samples,,,,,,
1152,921,00-Jan-00,500 mL,ES1115B0672,500,ES1115B0675,500,jagundes,opatton
1153,922,00-Jan-00,500 mL,ES1115B0663,500,ES1115B0666,500,jagundes,opatton
1154,923,00-Jan-00,250 mL,ES1115B0664,250,ES1115B0667,250,jagundes,opatton
1157,924,00-Jan-00,250 mL,ES1115B0673,250,ES1115B0676,250,jagundes,opatton
1156,925,00-Jan-00,,ES1015B0621,500,ES1015B0624,500,jagundes,opatton
1161,926,00-Jan-00,,ES1115B0669,250,ES1115B0671,250,jagundes,sfogg
1137,927,00-Jan-00,250 mL,ES1015B0614,250,,,jagundes,sfogg
1160,928,00-Jan-00,250 mL,ES1115B0674,250,ES1115B0677,250,jagundes,opatton
1162,929,00-Jan-00,250 mL,ES1215B0695,250,ES1215B0698,250,jagundes,sfogg
1163,930,00-Jan-00,250 mL,ES1215B0694,250,ES1215B0697,250,jagundes,sfogg
1164,931,00-Jan-00,500 mL,ES1215B0693,500,ES1215B0696,500,jagundes,sfogg
1165,932,00-Jan-00,,ES1215B0699,250,ES1215B0701,250,mfarruggia,mfarruggia
1166,933,00-Jan-00,,ES0116B0003,250,ES0116B0006,250,mfarruggia,mfarruggia
1167,934,00-Jan-00,,ES0116B0002,250,ES0116B0005,250,mfarruggia,mfarruggia
1168,935,00-Jan-00,,ES0116B0014,250,ES0116B0017,250,jagundes,mfarruggia
1169,936,00-Jan-00,,ES0116B0013,500,ES0116B0016,500,jagundes,mfarruggia
1170,937,00-Jan-00,,ES0016B0015,250,ES0116B0018,250,jagundes,mfarruggia
1171,938,00-Jan-00,,ES0116B0010,250,ES0116B0012,250,jagundes,mfarruggia
1172,939,00-Jan-00,,ES0116B0001,500,ES0116B0004,500,mfarruggia,mfarruggia
1173,940,00-Jan-00,,ES1215B0703,250,ES1215B0706,250,mfarruggia,mfarruggia
1174,941,00-Jan-00,,ES1215B0702,500,ES1215B0705,500,mfarruggia,mfarruggia
1175,942,00-Jan-00,,ES0216B0085,250,ES0216B0088,250,jagundes,sfogg
1176,943,00-Jan-00,,ES0216B0086,250,ES0216B0089,250,jagundes,sfogg
1178,944,00-Jan-00,,ES0216B0072,250,ES0216B0075,250,jagundes,sfogg
1179,945,00-Jan-00,,ES0216B0070,500,ES0216B0073,500,jagundes,sfogg
1180,946,00-Jan-00,,ES0216B0071,250,ES0216B0074,250,jagundes,sfogg
,947,,,ES0116B0001,250,ES0116B0004,250,mfarruggia,
,948,,,ES0116B0002,250,ES0116B0005,250,mfarruggia,
1181,950,00-Jan-00,no time on data sheet,ES0316B0129,250,ES0316B0130,250,mfarruggia,sfogg
1182,951,00-Jan-00,,ES0316B0127,500,ES0316B0128,500,mfarruggia,sfogg
1183,952,00-Jan-00,,ES0316B0123,250,ES0316B0126,250,mfarruggia,sfogg
1184,953,00-Jan-00,,ES0316B0121,500,ES0316B0124,500,mfarruggia,sfogg
1185,954,00-Jan-00,,ES0316B0122,250,ES0316B0125,250,mfarruggia,sfogg
1186,955,00-Jan-00,,ES0316B0093,250,ES0316B0096,250,jfrantzich,jfrantzich
1187,956,00-Jan-00,,ES0316B0092,250,ES0316B0095,250,jagundes,jfrantzich
1188,957,00-Jan-00,,ES0316B0091,250,ES0316B0094,250,jfrantzich,jfrantzich
1189,958,00-Jan-00,,ES0316B0109,500,ES0316B0112,500,mfarruggia,sfogg
1191,959,00-Jan-00,,ES0316B0110,250,ES0316B0113,250,mfarruggia,sfogg
1192,960,00-Jan-00,,ES0316B0106,250,ES0316B0108,250,mfarruggia,sfogg
1194,961,00-Jan-00,,ES0416B0134,500,ES0416B0137,500,mfarruggia,sfogg
1195,962,00-Jan-00,,ES0416B0131,500,ES0416B0133,500,rfichman,mfarruggia
,963,,,,,,,,
,964,,,ES0316B0111,250,ES0316B0114,250,mjfarruggia,
1197,965,00-Jan-00,no time listed,ES0416B0140,500,ES0416B0143,500,mfarruggia,sfogg
1198,966,00-Jan-00,,ES0416B0141,250,ES0416B0144,250,mfarruggia,sfogg
1199,967,00-Jan-00,,ES0416B0142,250,ES0416B0145,250,mfarruggia,sfogg
1200,968,00-Jan-00,,ES0216B0076,250,ES0216B0078,250,jagundes,sfogg
1190,969,00-Jan-00,,ES0316B0111,250,ES0316B0114,250,mfarruggia,sfogg
1193,970,00-Jan-00,,ES0416B0135,250,ES0416B0138,250,mfarruggia,sfogg
1203,971,00-Jan-00,,ES0516B0281,500,ES0516B0284,500,mfarruggia,
1204,972,00-Jan-00,,ES0516B0272,250,ES0516B0274,250,mfarruggia,prussell
1205,973,00-Jan-00,,ES0516B0282,250,ES0516B0285,250,mfarruggia,
1206,974,00-Jan-00,,ES0516B0295,250,ES0516B0298,250,mfarruggia,sfogg
1207,975,00-Jan-00,,ES0516B0296,250,ES0516B0299,250,mfarruggia,sfogg
1208,976,00-Jan-00,,ES0516B0302,250,ES0516B0305,250,mfarruggia,sfogg
1209,977,00-Jan-00,,ES0516B0301,250,ES0516B0304,250,mfarruggia,sfogg
1210,978,00-Jan-00,,ES0516B0300,500,ES0516B0303,500,mfarruggia,sfogg
1211,979,00-Jan-00,,ES0516B0294,500,ES0516B0297,500,mfarruggia,sfogg
1212,980,00-Jan-00,250ml,ES0114B0016,,ES0114B0018,,ashakya,ashakya
1214,981,00-Jan-00,250 Ml,ES0214B0051,250,ES0214B0053,250,ashakya,
1215,982,00-Jan-00,,ES0616B0313,250,ES0616B0316,250,mfarruggia,mfarruggia
1216,983,00-Jan-00,,ES0616B0312,500,ES0616B0315,500,mfarruggia,mfarruggia
1217,984,00-Jan-00,,es0616b0309,500,es0616b0311,500,rfichman,mfarruggia
1218,985,00-Jan-00,,es0616b0318,500,es0616b0320,500,rfichman,mfarruggia
1219,986,00-Jan-00,,ES0716B0378,500,ES0716B0381,500,mfarruggia,sfogg
1220,987,00-Jan-00,,ES0616B0357,500,ES0616B0360,500,mfarruggia,sfogg
1221,988,00-Jan-00,,ES0616B0344,250,,,jfrantzich,jfrantzich
1222,989,00-Jan-00,,ES0616B0345,,,,jfrantzich,jfrantzich
1223,990,00-Jan-00,,ES0616B0346,500,,,jfrantzich,jfrantzich
1224,991,00-Jan-00,,ES0616B0347,500,,,jfrantzich,jfrantzich
1225,992,00-Jan-00,,ES0616B0348,500,,,jfrantzich,jfrantzich
1226,993,00-Jan-00,,ES0616B0349,500,,,jfrantzich,jfrantzich
1227,994,00-Jan-00,,ES0716B0371,250,,,jfrantzich,jfrantzich
1228,995,00-Jan-00,,ES0716B0372,,,,jfrantzich,jfrantzich
1229,996,00-Jan-00,,ES0716B0373,500,,,jfrantzich,jfrantzich
1230,997,00-Jan-00,,ES0716B0374,500,,,jfrantzich,jfrantzich
1231,998,00-Jan-00,,ES0716B0375,500,,,jfrantzich,jfrantzich
1232,999,00-Jan-00,,ES0716B0376,500,,,jfrantzich,jfrantzich
1233,1000,00-Jan-00,,ES0716B0364,250,,,jfrantzich,jfrantzich
1235,1001,00-Jan-00,,ES0716B0367,250,,,jfrantzich,jfrantzich
1237,1002,00-Jan-00,,ES0716B0369,250,,,jfrantzich,jfrantzich
1238,1003,00-Jan-00,,ES0716B0370,250,,,jfrantzich,jfrantzich
1243,1004,00-Jan-00,,ES0616B0337,250,,,jfrantzich,
1244,1005,00-Jan-00,,,,,,,
,1006,00-Jan-00,,,,,,,
1246,1007,00-Jan-00,,,,,,,
1247,1008,00-Jan-00,,ES0616B0342,250,,,jfrantzich,jfrantzich
1248,1009,00-Jan-00,,ES0616B0343,250,,,jfrantzich,jfrantzich
1249,1010,00-Jan-00,,,,,,,
1251,1011,00-Jan-00,,,,,,,
1253,1012,00-Jan-00,,,,,,,
1254,1013,00-Jan-00,,,,,,,
1255,1014,00-Jan-00,,,,,,,
1256,1015,00-Jan-00,,ES07160393,,,,jfrantzich,
1257,1016,00-Jan-00,,,,,,,
1258,1017,00-Jan-00,,,,,,,
1259,1018,00-Jan-00,,,,,,,
1260,1019,00-Jan-00,,,,,,,
1262,1020,00-Jan-00,,ES0716B0447,500,ES0716B0450,500,mfarruggia,sfogg
1264,1021,00-Jan-00,,ES0716B0407,250,,,jfrantzich,jfrantzich
1265,1022,00-Jan-00,,ES0716B0408,,,,jfrantzich,jfrantzich
1266,1023,00-Jan-00,,ES0716B0409,500,ES0716B0413,500,jfrantzich,jfrantzich
1267,1024,00-Jan-00,,ES0716B0410,500,,,jfrantzich,jfrantzich
1268,1025,00-Jan-00,,ES0716B0411,500,,,jfrantzich,jfrantzich
1269,1026,00-Jan-00,,ES0716B0412,500,,,jfrantzich,jfrantzich
1270,1027,00-Jan-00,,ES0716B0415,250,,,jfrantzich,jfrantzich
1271,1028,00-Jan-00,,ES0716B0418,250,ES0716B0428,250,jfrantzich,jfrantzich
1272,1029,00-Jan-00,,ES0716B0420,250,,,jfrantzich,jfrantzich
1273,1030,00-Jan-00,,es0816b0633,500,es0816b0636,500,rfichman,mfarruggia
1274,1031,00-Jan-00,forgot ice chest,ES0816B0567,500,ES0816B0570,500,mfarruggia,sfogg
1276,1032,00-Jan-00,,ES0816B0547,500,,,mfarruggia,
1277,1033,00-Jan-00,,ES0816B0548,500,ES0816B0551,500,mfarruggia,
1278,1034,00-Jan-00,,ES0816B0549,,,,mfarruggia,
1279,1035,00-Jan-00,,ES0816B0550,500,,,mfarruggia,
1280,1036,00-Jan-00,,ES0816B0556,250,,,mfarruggia,
1281,1037,00-Jan-00,,ES0816B0558,,ES0816B0566,,mfarruggia,
1283,1038,00-Jan-00,,ES0816B0607,250,ES0816B0617,,mfarruggia,
1284,1039,00-Jan-00,,ES0816B0609,,,,mfarruggia,
1285,1040,00-Jan-00,,ES0816B0598,500,,,mfarruggia,sfogg
1286,1041,00-Jan-00,,ES0816B0599,500,,,mfarruggia,sfogg
1287,1042,00-Jan-00,,ES0816B0600,500,,,mfarruggia,sfogg
1288,1043,00-Jan-00,,ES0816B0601,,,,mfarruggia,sfogg
1275,1044,00-Jan-00,,ES0816B0544,250,,,mfarruggia,sfogg
1289,1045,00-Jan-00,,ES0816B0545,250,,,mfarruggia,sfogg
1290,1046,00-Jan-00,,ES0816B0546,250,,,mfarruggia,sfogg
1292,1047,00-Jan-00,,ES0816B0595,250,,,mfarruggia,sfogg
1293,1048,00-Jan-00,,ES0816B0596,250,ES0816B0602,,mfarruggia,sfogg
1294,1049,00-Jan-00,,ES0816B0597,250,,,mfarruggia,sfogg
1295,1050,00-Jan-00,,ES0816B0688,250,,,mfarruggia,sfogg
1296,1051,00-Jan-00,,ES0816B0689,250,,,mfarruggia,sfogg
1297,1052,00-Jan-00,,ES0816B0690,,,,mfarruggia,sfogg
1298,1053,00-Jan-00,,ES0816B0691,500,ES0816B0695,500,mfarruggia,
1299,1054,00-Jan-00,,ES0816B0692,500,,,mfarruggia,
1300,1055,00-Jan-00,,ES0816B0693,500,,,mfarruggia,
1301,1056,00-Jan-00,,ES0816B0694,500,,500,mfarruggia,
1303,1057,00-Jan-00,,ES01816B0700,250,ES0816Bb0710,250,mfarruggia,
1305,1058,00-Jan-00,,ES0816B0702,250,,,mfarruggia,
1306,1059,00-Jan-00,,es0816b0711,500,es0816b0714,500,rfichman,mfarruggia
1308,1060,00-Jan-00,,,,,,,
1310,1061,00-Jan-00,,ES0916B0757,250,ES0916B0760,250,mfarruggia,prussell
1311,1062,00-Jan-00,,ES0916B0756,500,ES0916B0759,500,mfarruggia,prussell
1312,1063,00-Jan-00,,ES0916B0762,250,ES0916B0764,250,mfarruggia,prussell
1316,1064,00-Jan-00,,ES0815B0420,,,,jfrantzich,jfrantzich
1317,1065,00-Jan-00,,ES0815B0421,500,,,jfrantzich,jfrantzich
1318,1066,00-Jan-00,,ES0815B0422,500,,,jfrantzich,jfrantzich
1319,1067,00-Jan-00,,ES0815B0423,500,,,jfrantzich,jfrantzich
1315,1068,00-Jan-00,,,,,,,
1314,1069,00-Jan-00,,,,,,,
1313,1070,00-Jan-00,,,,,,,
1307,1071,00-Jan-00,,,,,,,
1320,1072,00-Jan-00,,ES0815B0424,500,,,jfrantzich,jfrantzich
1322,1073,00-Jan-00,,ES0815B0256,500,,,jfrantzich,jfrantzich
1323,1074,00-Jan-00,,ES0815B0255,500,,,jfrantzich,jfrantzich
1324,1075,00-Jan-00,,ES0815B0254,500,,,jfrantzich,jfrantzich
1325,1076,00-Jan-00,,ES0815B0253,500,,,jfrantzich,jfrantzich
1326,1077,00-Jan-00,,ES0815B0252,,,,jfrantzich,jfrantzich
1331,1078,00-Jan-00,250ml,ES1016B0771,,ES1016B0773,,rfichman,apluton
1332,1079,00-Jan-00,250ml,ES1016B0766,250,ES1016B0769,250,mfarruggia,prussell
1333,1080,00-Jan-00,500ml,ES1016B0765,500,ES1016B0768,500,mfarruggia,prussell
1335,1081,00-Jan-00,,ES0916B0743,500,ES0916B0746,500,jfrantzich,jfrantzich
1336,1082,00-Jan-00,,ES0916B0745,500,,,jfrantzich,jfrantzich
1337,1083,00-Jan-00,,ES0916B0744,500,,,jfrantzich,jfrantzich
1338,1084,00-Jan-00,,ES0916B0742,500,,,jfrantzich,jfrantzich
1339,1085,00-Jan-00,,ES0916B0741,,,,jfrantzich,jfrantzich
1340,1086,00-Jan-00,,ES0916B0740,250,,,jfrantzich,jfrantzich
1341,1087,00-Jan-00,,ES1016B0799,500,ES1016B0804,500,prussell,apluton
1342,1088,00-Jan-00,,ES1016B0797,,ES1016B0802,,prussell,apluton
1343,1089,00-Jan-00,,ES1016B0798,250,ES1016B0803,250,prussell,apluton
1348,1090,00-Jan-00,,ES0916B0747,500,ES0916B0750,500,mfarruggia,prussell
1349,1091,00-Jan-00,,ES1116B0829,500,ES1116B0834,500,prussell,apluton
1350,1092,00-Jan-00,,ES1116B0827,250,ES1116B0832,,prussell,apluton
1351,1093,00-Jan-00,,ES1116B0828,250,ES1116B0833,250,prussell,apluton
1353,1094,00-Jan-00,,ES1116B0821,500,ES1116B0826,500,prussell,apluton
1354,1095,00-Jan-00,,ES1116B0820,250,ES1116B0825,250,prussell,apluton
1355,1096,00-Jan-00,,ES1116B0819,,ES1116B0824,,prussell,apluton
1356,1097,00-Jan-00,,ES1016B0807,500,ES1016B0812,500,prussell,apluton
1357,1098,00-Jan-00,,ES1016B0805,250,ES1016B0810,250,prussell,apluton
1358,1099,00-Jan-00,,ES1016B0806,250,ES1016B0811,250,prussell,apluton
1359,1100,00-Jan-00,,ES1216B0835,,ES1216B0840,,prussell,apluton
1360,1101,00-Jan-00,,ES1216B0836,250,ES1216B0841,250,prussell,apluton
1361,1102,00-Jan-00,,ES1216B0837,250,ES1216B0842,250,prussell,apluton
1362,1103,00-Jan-00,,,,,,,
1363,1104,00-Jan-00,,ES1216B0845,250,ES1216B0850,250,prussell,apluton
1364,1105,00-Jan-00,,ES1216B0844,250,ES1216B0849,250,prussell,apluton
1365,1106,00-Jan-00,,ES1216B0843,250,ES1216B0848,250,prussell,apluton
1366,1107,00-Jan-00,,ES1216B0852,250,ES1216B0857,250,prussell,apluton
1367,1108,00-Jan-00,,ES1216B0851,,ES1216B0856,,prussell,apluton
1368,1109,00-Jan-00,,ES1216B0861,,ES1216B0864,,prussell,apluton
1369,1110,00-Jan-00,,ES0117B0003,500,ES0117B0006,500,prussell,apluton
1370,1111,00-Jan-00,,ES0117B0019,250,ES0117B0024,250,prussell,
1371,1112,00-Jan-00,,ES0117B0018,250,ES0117B0023,250,prussell,apluton
1372,1113,00-Jan-00,,ES0117B0060,,ES0117B0065,,prussell,apluton
1373,1114,00-Jan-00,,ES0117B0059,250,ES0117B0064,250,prussell,apluton
1374,1115,00-Jan-00,,ES0117B0109,250,ES0117B0112,250,prussell,apluton
1375,1116,00-Jan-00,,ES0117B0125,,ES0117B0130,,prussell,apluton
1376,1117,00-Jan-00,,ES0117B0124,250,ES0117B0129,250,prussell,apluton
1377,1118,00-Jan-00,,ES0217B0197,250,ES0217B0200,250,prussell,apluton
1378,1119,00-Jan-00,,ES0217B0155,250,ES0217B0160,250,prussell,
1379,1120,00-Jan-00,,ES0217B0156,250,ES0217B0161,250,prussell,apluton
1380,1121,00-Jan-00,,ES0217B0204,,ES0217B0207,,prussell,apluton
1381,1122,00-Jan-00,,ES0217B0298,,ES0217B0301,,prussell,
1382,1123,00-Jan-00,,ES0217B0325,250,ES0217B0330,250,prussell,apluton
1383,1124,00-Jan-00,,ES0217B0326,250,ES0217B0331,250,prussell,apluton
1384,1125,00-Jan-00,,ES0217B0327,,ES0217B0332,,prussell,
1385,1126,00-Jan-00,,ES0317B0422,250,ES0317B0427,250,prussell,apluton
1386,1127,00-Jan-00,,ES0317B0420,250,ES0317B0425,250,prussell,apluton
1387,1128,00-Jan-00,,ES0317B0421,250,ES0317B0426,250,prussell,apluton
1389,1129,00-Jan-00,,ES0317B0467,250,ES0317B0470,250,prussell,apluton
1390,1130,00-Jan-00,,ES0317B0466,250,ES0317B0469,250,prussell,apluton
1391,1131,00-Jan-00,,ES0317B0435,,ES0317B0440,,prussell,apluton
1392,1132,00-Jan-00,,ES0317B0434,,ES0317B0439,,prussell,apluton
1393,1133,00-Jan-00,,ES0317B0436,,ES0317B0441,,prussell,apluton
1394,1134,00-Jan-00,,ES0417B0493,,ES0417B0498,,prussell,apluton
1395,1135,00-Jan-00,,ES0417B0492,,ES0417B0497,,prussell,apluton
1396,1136,00-Jan-00,,ES0417B0494,250,ES0417B0499,250,prussell,apluton
1397,1137,00-Jan-00,,ES0317B0487,250,ES0317B0490,250,prussell,apluton
1398,1138,00-Jan-00,,ES0517B0598,250,ES0517B0605,250,jfrantzich,prussell
1399,1139,00-Jan-00,,ES0517B0599,250,ES0517B0603,250,jfrantzich,prussell
1400,1140,00-Jan-00,,ES0517B0600,500,ES0517B0604,500,jfrantzich,prussell
1401,1141,00-Jan-00,,ES0417B0628,,ES0417B0631,,prussell,apluton
1402,1142,00-Jan-00,,ES0417B0557,500,ES0417B0562,500,prussell,apluton
1403,1143,00-Jan-00,,ES0417B0556,500,ES0417B0561,500,prussell,apluton
1404,1144,00-Jan-00,,ES0417B0555,500,ES0417B0560,500,prussell,apluton
1405,1145,00-Jan-00,,ES0417B0593,250,ES0417B0596,250,prussell,apluton
1407,1146,00-Jan-00,500 mL filtered,ES0617B0882,500,ES0617B0887,500,apluton,ashakya
1408,1147,00-Jan-00,250 mL,ES0617B0880,250,ES0617B0885,250,apluton,ashakya
1409,1148,00-Jan-00,250 ml filtered,ES0617B0881,250,ES0617B0886,250,apluton,ashakya
1410,1149,00-Jan-00,,ES0517B0649,500,ES0517B0654,500,prussell,apluton
1411,1150,00-Jan-00,,ES0517B0648,250,ES0517B0653,250,prussell,apluton
1412,1151,00-Jan-00,250 mL,ES0517B0647,250,ES0517B0652,250,prussell,apluton
1413,1152,00-Jan-00,400 mL,ES0517B0640,400,ES0517B0645,400,prussell,apluton
1414,1153,00-Jan-00,500mL,ES0517B0639,500,ES0517B0644,500,prussell,apluton
1415,1154,00-Jan-00,,ES0517B0641,250,ES0517B0646,250,prussell,apluton
1416,1155,00-Jan-00,,ES0517B0634,250,ES0517B0637,250,prussell,apluton
,1156,,,,,,,,
1417,1157,00-Jan-00,,ES0417B0629,,ES0417B0632,,prussell,apluton
1419,1158,00-Jan-00,,ES0617B0998,500,ES0617B1001,500,apluton,ashakya
1420,1159,00-Jan-00,250 mL,ES0617B0946,250,ES0617B0950,250,apluton,ashakya
1421,1160,00-Jan-00,500 mL,ES0717B1063,500,ES0717B1068,500,apluton,ashakya
1422,1161,00-Jan-00,Also collected a replicate,ES0817B1280,500,ES0817B1283,500,apluton,ashakya
,1162,,,ES0817B007,,,,,
,1163,,,ES0817B1280,500,ES0817B1283,500,apluton,
1423,1164,00-Jan-00,500 mL,ES0817B1296,500,ES0817B1299,500,SF,ashakya
1424,1165,00-Jan-00,500 mL,ES0817B1288,500,ES0817B1293,500,SF,ashakya
1429,1166,00-Jan-00,,,,,,,
1430,1167,00-Jan-00,,,,,,,
1431,1168,00-Jan-00,,,,,,,
1433,1169,00-Jan-00,REP,,,,,,
1437,1170,00-Jan-00,,,,,,,
1438,1171,00-Jan-00,,,,,,,
1439,1172,00-Jan-00,250 mL filtered,,,,,,
1440,1173,00-Jan-00,,,,,,,
1441,1174,00-Jan-00,,,,,,,
1443,1175,00-Jan-00,,,,,,,
1444,1176,00-Jan-00,,,,,,,
1445,1177,00-Jan-00,,,,,,,
1446,1178,00-Jan-00,,,,,,,
1447,1179,00-Jan-00,,,,,,,
1448,1180,00-Jan-00,,,,,,,
1449,1181,00-Jan-00,REP,,,,,,
1451,1182,00-Jan-00,,,,,,,
1452,1183,00-Jan-00,,,,,,,
1453,1184,00-Jan-00,,,,,,,
1454,1185,00-Jan-00,REP,,,,,,
1455,1186,00-Jan-00,,,,,,,
1456,1187,00-Jan-00,,,,,,,
1457,1188,00-Jan-00,,,,,,,
1458,1189,00-Jan-00,250 mL,,,,,,
1459,1190,,,,,,,,
1460,1191,00-Jan-00,250 mL,,,,,,
1461,1192,,250 mL,,,,,,
1462,1193,00-Jan-00,250 mL,,,,,,
1463,1194,00-Jan-00,250 mL,,,,,,
1464,1195,00-Jan-00,250 mL,,,,,,
1465,1196,00-Jan-00,500 mL,,,,,,
1466,1197,00-Jan-00,500 mL,,,,,,
1467,1198,00-Jan-00,500 mL,,,,,,
1468,1199,00-Jan-00,500 mL,ES0917B1304,500,ES0917B1307,500,SF,ashakya
1469,1200,00-Jan-00,500 mL,,,,,,
1470,1201,00-Jan-00,500 mL,,,,,,
1471,1202,00-Jan-00,250 mL,,,,,,
1472,1203,00-Jan-00,250 mL,,,,,,
1473,1204,00-Jan-00,250 mL,,,,,,
1476,1205,00-Jan-00,250 mL,,,,,,
1477,1206,00-Jan-00,250 mL,,,,,,
1478,1207,00-Jan-00,500 mL,,,,,,
1479,1208,00-Jan-00,500 mL,,,,,,
1480,1209,00-Jan-00,500 mL,,,,,,
1481,1210,00-Jan-00,500 mL,,,,,,
1482,1211,00-Jan-00,500 mL,,,,,,
1483,1212,00-Jan-00,250 mL,,,,,,
1484,1213,00-Jan-00,250 mL,,,,,,
1485,1214,00-Jan-00,250 mL,,,,,,
1486,1215,00-Jan-00,250 mL,,,,,,
1487,1216,00-Jan-00,250 mL,,,,,,
1488,1217,00-Jan-00,250 mL,,,,,,
1489,1218,00-Jan-00,250 mL,,,,,,
1490,1219,00-Jan-00,500 mL,,,,,,
1491,1220,00-Jan-00,500 mL,,,,,,
1492,1221,00-Jan-00,500 mL,,,,,,
1493,1222,00-Jan-00,500 mL,,,,,,
1494,1223,00-Jan-00,500 mL,,,,,,
1495,1224,00-Jan-00,250 mL,,,,,,
1496,1225,00-Jan-00,250 mL,,,,,,
1497,1226,00-Jan-00,250 mL,,,,,,
1498,1227,00-Jan-00,250 mL,,,,,,
1499,1228,00-Jan-00,250 mL,,,,,,
1500,1229,00-Jan-00,500 mL,,,,,,
1501,1230,00-Jan-00,500 mL,,,,,,
1502,1231,00-Jan-00,500 mL,,,,,,
1503,1232,00-Jan-00,500 mL,,,,,,
1504,1233,00-Jan-00,500 mL,,,,,,
1505,1234,00-Jan-00,250 mL,,,,,,
1507,1235,00-Jan-00,250 mL,,,,,,
1509,1236,00-Jan-00,250 mL,,,,,,
1510,1237,00-Jan-00,250 mL,,,,,,
1511,1238,00-Jan-00,500 mL,,,,,,
1512,1239,00-Jan-00,500 mL,,,,,,
1513,1240,00-Jan-00,500 mL,,,,,,
1514,1241,00-Jan-00,500 mL,,,,,,
1515,1242,00-Jan-00,500 mL,,,,,,
1516,1243,00-Jan-00,500 mL,,,,,,
1517,1244,00-Jan-00,250ml,ES0917B1310,500,ES0917B1316,500,SF,
1518,1245,00-Jan-00,500ml,ES0917B1312,500,ES0917B1315,500,SF,ashakya
1519,1246,00-Jan-00,250ml,ES0917B1311,500,ES0917B1317,500,SF,
1520,1247,,500ml,ES1017B1320,500,ES1017B1325,500,SF,
1523,1248,00-Jan-00,replicate 500mL,ES1017B1328,500,ES1017B1333,500,SF,ashakya
1526,1249,00-Jan-00,,ES1017B1326,500,ES1017B1331,500,SF,
1527,1250,00-Jan-00,250ml filter,ES1017B1327,500,ES101B71332,500,SF,
1528,1251,00-Jan-00,,ES1117B1336,500,ES1117B1341,500,SF,
1529,1252,00-Jan-00,,ES1117B1335,500,ES1117B1340,500,SF,
1530,1253,00-Jan-00,,ES1117B1334,500,ES1117B1339,500,SF,
1531,1254,00-Jan-00,,ES1117B1344,,ES1117B1348,,jjenkins,ashakya
1532,1255,00-Jan-00,,ES1117B1343,,ES1117B1349,,jjenkins,ashakya
1533,1256,00-Jan-00,,ES1117B1342,,ES1117B1347,,jjenkins,ashakya
1263,1257,00-Jan-00,,ES0716B0406,250,,,jfrantzich,jfrantzich
1536,1258,00-Jan-00,,ES0916B0739,250,,,jfrantzich,jfrantzich
1535,1259,00-Jan-00,,ES0916B0738,250,,,jfrantzich,jfrantzich
1534,1260,00-Jan-00,,ES0916B0736,250,,,jfrantzich,jfrantzich
1330,1261,00-Jan-00,,ES0915B0520,250,,,jfrantzich,jfrantzich
1138,1262,00-Jan-00,,ES1015B0613,250,,,jfrantzich,jfrantzich
1136,1263,00-Jan-00,,ES1015B0615,,,,jfrantzich,jfrantzich
1135,1264,00-Jan-00,,ES1015B0616,500,,,jfrantzich,jfrantzich
1134,1265,00-Jan-00,,ES1015B0617,500,,,jfrantzich,jfrantzich
1133,1266,00-Jan-00,,ES1015B0618,500,,,jfrantzich,jfrantzich
1132,1267,00-Jan-00,,ES1015B0619,500,,,jfrantzich,jfrantzich
1148,1268,00-Jan-00,,ES1015B0655,500,ES1015B0656,500,jfrantzich,jfrantzich
1147,1269,00-Jan-00,,ES1015B0654,500,,,jfrantzich,jfrantzich
1146,1270,00-Jan-00,,ES1015B0653,500,,,jfrantzich,jfrantzich
1145,1271,00-Jan-00,,ES1015B0652,500,,,jfrantzich,jfrantzich
1144,1272,00-Jan-00,,ES1015B0651,,,,jfrantzich,jfrantzich
1321,1273,00-Jan-00,,ES0815B0418,250,,,jfrantzich,jfrantzich
1141,1274,00-Jan-00,,ES1015B0607,250,,,jfrantzich,jfrantzich
1140,1275,00-Jan-00,,ES1015B0610,250,,,jfrantzich,jfrantzich
1139,1276,00-Jan-00,,ES1015B0612,250,,,jfrantzich,jfrantzich
1537,1277,00-Jan-00,,ES1117B1352,500,ES1117B1357,500,jjenkins,ashakya
1539,1278,00-Jan-00,,ES1117B1350,,ES1117B1355,,jjenkins,ashakya
1538,1279,00-Jan-00,,ES1117B1351,250,ES1117B1356,250,,ashakya
1540,1280,00-Jan-00,,ES1217B1359,500,ES1217B1365,500,ashakya,jjenkins
1541,1281,00-Jan-00,,ES1217B1358,500,ES1217B1364,500,ashakya,jjenkins
1542,1282,00-Jan-00,,ES1217B1360,,ES1217B1363,,ashakya,jjenkins
1521,1283,00-Jan-00,,ES1017B1319,500,ES1017B1324,500,SF,
1522,1284,00-Jan-00,,ES1017B1318,500,ES1017B1323,,SF,ashakya
1543,1285,00-Jan-00,,ES1217B1368,500,ES1217B1371,500,ashakya,jjenkins
1544,1286,00-Jan-00,,ES1217B1367,500,ES1217B1372,500,ashakya,jjenkins
1545,1287,00-Jan-00,,ES1217B1366,500,ES1217B1373,500,ashakya,jjenkins
1546,1288,00-Jan-00,,ES0118B0003,500,ES0118B0008,500,ashakya,jjenkins
1547,1289,00-Jan-00,,ES0118B0001,,ES0118B0006,,ashakya,jjenkins
1548,1290,00-Jan-00,,ES0118B0002,,ES0118B0007,,ashakya,jjenkins
1549,1291,00-Jan-00,,ES0118B0023,,ES0118B0028,,ashakya,jjenkins
1550,1292,00-Jan-00,,ES0118B0022,250,ES0118B0027,250,ashakya,jjenkins
1551,1293,00-Jan-00,,ES0118B0021,250,ES0118B0026,250,ashakya,jjenkins
1552,1294,00-Jan-00,,ES0218B0045,,ES0218B0050,,ashakya,jjenkins
1553,1295,00-Jan-00,250ML,ES0218B0046,250,ES0218B0051,250,ashakya,jjenkins
1554,1296,00-Jan-00,500ML,ES0218B0047,500,ES0218B0052,500,ashakya,jjenkins
1555,1297,00-Jan-00,,ES0118B0030,,ES0118B0035,,ashakya,jjenkins
1556,1298,00-Jan-00,,ES0118B0029,,ES0118B0034,,ashakya,jjenkins
1557,1299,00-Jan-00,,ES0118B0031,,ES0118B0036,,ashakya,jjenkins
1558,1300,00-Jan-00,,ES0218B0037,,ES0218B0042,,ashakya,jjenkins
1559,1301,00-Jan-00,,ES0218B0038,,ES0218B0043,,ashakya,jjenkins
1560,1302,00-Jan-00,,,,ES0218B0044,,ashakya,jjenkins
1561,1303,00-Jan-00,,ES0318B0053,250,ES0318B0058,250,ashakya,jjenkins
1562,1304,00-Jan-00,,ES0318B0054,,ES0318B0059,,ashakya,jjenkins
1563,1305,00-Jan-00,,ES0318B0055,,ES0318B0060,,ashakya,jjenkins
1564,1307,00-Jan-00,250mL filtered,ES0318B0061,250,ES0318B0066,250,ashakya,jjenkins
1565,1308,00-Jan-00,500mL filtered,ES0318B0063,500,ES0318B0068,500,ashakya,jjenkins
1566,1309,00-Jan-00,250mL filtered,ES0318B0062,250,ES0318B0067,250,ashakya,jjenkins
1567,1310,00-Jan-00,Filtered 250 mL,,,,,,
1569,1311,00-Jan-00,Filtered 250 mL,,,,,,
1570,1312,00-Jan-00,Filtered 250 mL,,,,,,
,1316,,,ES0218B0045,,ES0218B0050,,Jjenkins,
,1317,,,ES0218B0046,250,ES0218B0051,250,Jjenkins,
,1318,,,ES0218B0047,500,ES0218B0052,500,jjenkins,
1571,1319,00-Jan-00,250 mL,ES0418B0071,250,ES0418B0076,250,sfogg,ashakya
1572,1320,00-Jan-00,500 mL,ES0418B0069,500,ES0418B0074,500,sfogg,ashakya
1573,1321,00-Jan-00,250 mL,ES0418B0070,250,ES0418B0075,250,sfogg,ashakya
1576,1322,00-Jan-00,500 mL,ES0418B0079,500,ES0418B0084,500,sfogg,ashakya
1577,1323,00-Jan-00,500 mL,ES0418B0077,500,ES0418B0082,500,sfogg,ashakya
1578,1324,00-Jan-00,500 mL,ES0418B0078,500,ES0418B0083,500,sfogg,ashakya
1213,1325,00-Jan-00,,ES0214B0030,,ES0214B0032,,ashakya,
1579,1326,00-Jan-00,,ES0314B0080,,ES0314B0082,,ashakya,
1580,1327,00-Jan-00,,ES0314B0099,,ES0314B0101,,ashakya,
1581,1328,00-Jan-00,,ES0414B0108,,ES0414B0110,,ashakya,
1582,1329,00-Jan-00,,ES0614B0164,,ES0614B0166,,ashakya,
1583,1330,00-Jan-00,500mL,ES0518B0085,,ES0518B0090,500,sfogg,ashakya
1584,1331,00-Jan-00,250mL,ES0518B0086,500,ES0518B0091,500,sfogg,ashakya
1585,1332,00-Jan-00,500mL,ES0518B0087,500,ES0518B0092,500,sfogg,ashakya
1586,1333,00-Jan-00,Filtered 500 mL,,,,,,
1587,1334,00-Jan-00,Filtered 500 mL,,,,,,
1588,1335,00-Jan-00,Filtered 500 mL,,,,,,
1589,1336,00-Jan-00,Filtered 500 mL,,,,,,
1590,1337,00-Jan-00,FILTERED AMOUNT NOT SPECIFIED,,,,,,
1594,1338,00-Jan-00,,,,,,,
1595,1339,00-Jan-00,,,,,,,
1596,1340,00-Jan-00,Filtered 500 mL,,,,,,
1597,1341,00-Jan-00,Filtered 500 mL,,,,,,
1598,1342,00-Jan-00,,,,,,,
1599,1343,00-Jan-00,Filtered 250 mL,,,,,,
1602,1344,00-Jan-00,500 mL,,,,,,
1603,1345,00-Jan-00,500 mL,,,,,,
1604,1346,00-Jan-00,500 mL,,,,,,
1605,1347,00-Jan-00,,,,,,,
1606,1348,00-Jan-00,rep,ES0518B0094,,ES0518B0099,,ashakya,jjenkins
1607,1349,00-Jan-00,rep,ES0518B0093,,ES0518B0098,,ashakya,jjenkins
1608,1350,00-Jan-00,500mL,ES0518B0095,500,ES0518B0100,,ashakya,jjenkins
1086,1351,,chlorophyll not taken,,,,,,
1106,1352,,no chlorophyll sampled,,,,,,
1129,1353,,no chlorophyll sampled,,,,,,
1155,1354,,no chlorophyll sampled,,,,,,
1345,1355,,no chlorophyll sampled,,,,,,
1591,1356,00-Jan-00,Filtered 250 mL,,,,,,
1593,1357,00-Jan-00,Filtered 250 mL,,,,,,
1592,1358,00-Jan-00,Filtered 250 mL,,,,,,
1601,1359,00-Jan-00,Filtered 250 mL,,,,,,
1568,1360,00-Jan-00,Filtered 250 mL,,,,,,
1508,1361,,,,,,,,
1609,1362,00-Jan-00,250mL,ES0518B0102,,ES0518B0107,,ashakya,jjenkins
1610,1363,00-Jan-00,500 mL,ES0518B0103,500,ES0518B0108,500,ashakya,jjenkins
1611,1364,00-Jan-00,500 mL,ES0518B0101,,ES0518B0106,,ashakya,jjenkins
1612,1365,00-Jan-00,500mL,ES0618B0111,500,ES0618B0116,500,jjenkins,ashakya
1613,1366,00-Jan-00,500mL,ES0618B0109,500,ES0618B0114,500,jjenkins,ashakya
1614,1367,00-Jan-00,250mL,ES0618B0110,250,ES0618B0115,250,jjenkins,ashakya
1615,1368,00-Jan-00,250mL,ES0618B0118,250,ES0618B0123,250,ashakya,cstuart
1616,1369,00-Jan-00,500 mL,ES0618B0117,250,ES0618B0122,250,ashakya,cstuart
1617,1370,00-Jan-00,500mL,ES0618B0119,500,ES0618B0124,500,ashakya,cstuart
1618,1371,00-Jan-00,250mL,,,,,,
1619,1372,00-Jan-00,,,,,,,
1620,1373,00-Jan-00,250mL,,,,,,
1622,1374,00-Jan-00,250mL,,,,,,
1623,1375,00-Jan-00,250mL,,,,,,
1624,1376,00-Jan-00,500 ml,ES0718B0135,500,ES0618B0140,500,ashakya,cstuart
1625,1377,00-Jan-00,500ml,,,,,,
1626,1378,00-Jan-00,500 mL,,,,,,
1627,1379,00-Jan-00,500mL,,,,,,
1628,1380,00-Jan-00,500 mL,,,,,,
1629,1381,00-Jan-00,500mL,,,,,,
1630,1382,00-Jan-00,500mL,,,,,,
1621,1383,00-Jan-00,,,,,,,
1634,1384,00-Jan-00,250mL,,,,,,
1635,1385,00-Jan-00,250 mL,,,,,,
1636,1386,00-Jan-00,250 mL,,,,,,
1637,1387,00-Jan-00,,,,,,,
1638,1388,00-Jan-00,250mL,,,,,,
1639,1389,00-Jan-00,250mL,,,,,,
1640,1390,00-Jan-00,250 Ml,,,,,,
1641,1391,00-Jan-00,500 mL,,,,,,
1642,1392,00-Jan-00,500 mL,,,,,,
1643,1393,00-Jan-00,500 mL,,,,,,
1644,1394,00-Jan-00,500mL,,,,,,
1645,1395,00-Jan-00,500 mL,,,,,,
1646,1396,00-Jan-00,"500mL, replicate",ES0718B0166,500,ES0718B0171,500,ashakya,cstuart
1647,1397,00-Jan-00,"250 mL, USGS Pesticides Samples",,,,,,
1648,1398,00-Jan-00,,,,,,,
1649,1399,00-Jan-00,250 mL,,,,,,
1650,1400,00-Jan-00,250 mL,,,,,,
1651,1401,00-Jan-00,500 mL,,,,,,
1652,1402,00-Jan-00,500 mL,,,,,,
1653,1403,00-Jan-00,500mL,,,,,,
1654,1404,00-Jan-00,500ml,,,,,,
1655,1405,00-Jan-00,500,,,,,,
1656,1406,00-Jan-00,250,,,,,,
1657,1407,00-Jan-00,250 mL,,,,,,
1658,1408,00-Jan-00,,,,,,,
1659,1409,00-Jan-00,250 mL,,,,,,
1660,1410,00-Jan-00,,,,,,,
1661,1411,00-Jan-00,250 Ml,,,,,,
1662,1412,00-Jan-00,250 mL,,,,,,
1663,1413,00-Jan-00,250mL,,,,,,
1664,1414,00-Jan-00,250mL,,,,,,
1665,1415,00-Jan-00,REPLICATE,ES0818B0217,500,ES0818B0222,500,ashakya,cstuart
1666,1416,00-Jan-00,,,,,,,
1667,1417,00-Jan-00,,,,,,,
1668,1418,00-Jan-00,,,,,,,
1669,1419,00-Jan-00,,,,,,,
1670,1420,00-Jan-00,,,,,,,
1671,1421,00-Jan-00,,,,,,,
1672,1422,00-Jan-00,,,,,,,
1673,1423,00-Jan-00,,,,,,,
1674,1424,00-Jan-00,,,,,,,
1675,1425,00-Jan-00,,,,,,,
1676,1426,00-Jan-00,,,,,,,
1677,1427,00-Jan-00,250mL,,,,,,
1678,1428,00-Jan-00,REPLICATE,,,,,,
1679,1429,00-Jan-00,,,,,,,
1680,1430,00-Jan-00,,,,,,,
1681,1431,00-Jan-00,250 mL,,,,,,
1682,1432,00-Jan-00,,,,,,,
1683,1433,00-Jan-00,250 mL,,,,,,
1684,1434,00-Jan-00,,,,,,,
1685,1435,00-Jan-00,250 mL,,,,,,
1686,1436,00-Jan-00,250 mL,,,,,,
1687,1437,00-Jan-00,250 mL,,,,,,
1688,1438,00-Jan-00,500 mL,,,,,,
1689,1439,00-Jan-00,500 mL,,,,,,
1690,1440,00-Jan-00,500 mL,,,,,,
1691,1441,00-Jan-00,500 mL,,,,,,
1692,1442,00-Jan-00,500 mL,,,,,,
1693,1443,00-Jan-00,500 mL,ES0818B0225,500,ES0818B0230,500,jjenkins,ashakya
1694,1444,00-Jan-00,250 Ml,,,,,,
1695,1445,00-Jan-00,250 Ml,,,,,,
1696,1446,00-Jan-00,250mL,,,,,,
1697,1447,00-Jan-00,,,,,,,
1698,1448,00-Jan-00,250 Ml,,,,,,
1699,1449,00-Jan-00,250 ML,,,,,,
1700,1450,00-Jan-00,250 Ml,,,,,,
1701,1451,00-Jan-00,250 mL,,,,,,
1702,1452,00-Jan-00,,,,,,,
1703,1453,00-Jan-00,250 mL,,,,,,
1704,1454,00-Jan-00,250mL,,,,,,
1705,1455,00-Jan-00,w/replicate,,,,,,
1706,1456,00-Jan-00,,,,,,,
1707,1457,00-Jan-00,,,,,,,
1708,1458,00-Jan-00,,,,,,,
1709,1459,00-Jan-00,500 mL,,,,,,
1710,1460,00-Jan-00,500 mL,,,,,,
1711,1461,00-Jan-00,250 mL,,,,,,
1712,1462,00-Jan-00,,,,,,,
1713,1463,00-Jan-00,250 mL,,,,,,
1715,1464,00-Jan-00,250 mL,,,,,,
1716,1465,00-Jan-00,250mL,,,,,,
1717,1466,00-Jan-00,250 mL,,,,,,
1718,1467,00-Jan-00,,,,,,,
1719,1468,00-Jan-00,,,,,,,
1720,1469,00-Jan-00,,,,,,,
1721,1470,00-Jan-00,500mL replicate,,,,,,
1723,1471,00-Jan-00,250ml filtered,,,,,,
1725,1472,00-Jan-00,,ES0918B0241,500,ES0918B0246,500,jjenkins,ashakya
1726,1473,00-Jan-00,,,,,,,
1727,1474,00-Jan-00,250 mL,,,,,,
1728,1475,00-Jan-00,500 mL,,,,,,
1729,1476,00-Jan-00,,,,,,,
1730,1477,00-Jan-00,500 mL,,,,,,
1731,1478,00-Jan-00,,,,,,,
1732,1479,00-Jan-00,,,,,,,
1733,1480,00-Jan-00,250 mL,,,,,,
1734,1481,00-Jan-00,,,,,,,
1735,1482,00-Jan-00,250 mL,,,,,,
1736,1483,00-Jan-00,,,,,,,
1737,1484,00-Jan-00,250 mL,,,,,,
1738,1485,00-Jan-00,500 mL,,,,,,
1739,1486,00-Jan-00,500 mL,,,,,,
1740,1487,00-Jan-00,500 mL,,,,,,
1741,1488,00-Jan-00,500 mL,,,,,,
1742,1489,00-Jan-00,500 mL,,,,,,
1743,1490,00-Jan-00,500 mL,,,,,,
1744,1491,00-Jan-00,,,,,,,
1745,1492,00-Jan-00,,,,,,,
1746,1493,00-Jan-00,250mL,,,,,,
1747,1494,00-Jan-00,,,,,,,
1748,1495,00-Jan-00,250 mL,,,,,,
1749,1496,00-Jan-00,250mL,,,,,,
1750,1497,00-Jan-00,250mL,,,,,,
1751,1498,00-Jan-00,,,,,,,
1753,1499,00-Jan-00,250 mL,,,,,,
1754,1500,00-Jan-00,,,,,,,
1755,1501,00-Jan-00,250 mL,,,,,,
1756,1502,00-Jan-00,,,,,,,
1757,1503,00-Jan-00,250 mL,,,,,,
1758,1504,00-Jan-00,250 mL,,,,,,
1759,1505,00-Jan-00,"500 mL, replicate",,,,,,
1760,1506,00-Jan-00,500 mL,,,,,,
1761,1507,00-Jan-00,500 mL,,,,,,
1762,1508,00-Jan-00,500mL,,,,,,
1763,1509,00-Jan-00,500 mL,,,,,,
1764,1510,00-Jan-00,500 mL - no chloro sample submitted to Bryte,,,,,,
1765,1511,00-Jan-00,,,,,,,
1766,1512,00-Jan-00,500mL,,,,,,
1767,1513,00-Jan-00,500mL,,,,,,
1768,1514,00-Jan-00,500mL,,,,,,
1769,1515,00-Jan-00,500mL,,,,,,
1770,1516,00-Jan-00,500mL,,,,,,
1772,1517,00-Jan-00,250 mL,,,,,,
1773,1518,00-Jan-00,,,,,,,
1774,1519,00-Jan-00,250 mL,,,,,,
1775,1520,00-Jan-00,,,,,,,
1776,1521,00-Jan-00,250 mL,,,,,,
1777,1522,00-Jan-00,250 mL,,,,,,
1778,1523,00-Jan-00,,,,,,,
1779,1524,00-Jan-00,,,,,,,
1780,1525,00-Jan-00,,,,,,,
1781,1526,00-Jan-00,,,,,,,
1782,1527,00-Jan-00,,,,,,,
1783,1528,00-Jan-00,,,,,,,
1784,1529,00-Jan-00,,ES1018B0264,,ES1018B0269,,ashakya,
1785,1530,00-Jan-00,,ES1118B0295,,ES1118B0300,,ashakya,cstuart
1786,1531,00-Jan-00,,ES1118B0294,,ES1118B0299,,ashakya,cstuart
1787,1532,00-Jan-00,,ES1118B0293,,ES1118B0298,,ashakya,cstuart
1789,1533,00-Jan-00,500 mL filtered,ES1118B0336,500,ES1118B0341,500,ashakya,cstuart
1790,1534,00-Jan-00,,ES1118B0334,,ES1118B0339,,ashakya,cstuart
1791,1535,00-Jan-00,,,,,,,
1792,1536,00-Jan-00,500 Ml,,,,,,
1793,1537,00-Jan-00,500 Ml,,,,,,
1794,1538,00-Jan-00,500 mL,,,,,,
1795,1539,00-Jan-00,500 Ml,,,,,,
1796,1540,00-Jan-00,500 mL,,,,,,
1797,1541,00-Jan-00,"500mL, REPLICATE",,,,,,
1798,1542,00-Jan-00,250 Ml,,,,,,
1799,1543,00-Jan-00,,,,,,,
1800,1544,00-Jan-00,,,,,,,
1801,1545,00-Jan-00,250 mL,,,,,,
1802,1546,00-Jan-00,250 mL,,,,,,
1803,1547,00-Jan-00,250 mL,,,,,,
1804,1548,00-Jan-00,,,,,,,
1805,1549,00-Jan-00,250 Ml,,,,,,
1806,1550,00-Jan-00,250 mL,,,,,,
1807,1551,00-Jan-00,250 ml,,,,,,
1808,1552,00-Jan-00,250 Ml,,,,,,
1809,1553,00-Jan-00,500 ml,,,,,,
1810,1554,00-Jan-00,500 ml,,,,,,
1811,1555,00-Jan-00,500 Ml,,,,,,
1812,1556,00-Jan-00,500 mL,,,,,,
1813,1557,00-Jan-00,500 mL,,,,,,
1814,1558,00-Jan-00,500 Ml,,,,,,
1815,1559,00-Jan-00,250 mL,,,,,,
1816,1560,00-Jan-00,,,,,,,
1817,1561,00-Jan-00,250 mL,,,,,,
1818,1562,00-Jan-00,250 mL,,,,,,
1819,1563,00-Jan-00,500 mL,,,,,,
1820,1564,00-Jan-00,,,,,,,
1821,1565,00-Jan-00,500 mL,,,,,,
1822,1566,00-Jan-00,250 mL,,,,,,
1823,1567,00-Jan-00,500 mL,,,,,,
1824,1568,00-Jan-00,500 mL,,,,,,
1825,1569,00-Jan-00,500 mL,,,,,,
1826,1570,00-Jan-00,250 mL,,,,,,
1827,1571,00-Jan-00,500mL,ES1018B0287,500,ES1018B0292,500,jjenkins,ashakya
1828,1572,00-Jan-00,,ES1218B0343,,ES1218B0348,,ashakya,cstuart
1829,1573,00-Jan-00,,ES1218B0344,,ES1218B0349,,ashakya,cstuart
1830,1574,00-Jan-00,,ES1218B0342,,ES1218B0347,,ashakya,cstuart
1831,1575,00-Jan-00,"250 mL, replicate",ES1218B0351,250,ES1218B0356,250,ashakya,cstuart
1832,1576,00-Jan-00,"500 mL, replicate",ES1218B0350,500,ES1218B0355,500,ashakya,cstuart
1833,1577,00-Jan-00,"500 mL, replicate",ES1218B0352,500,ES1218B0357,500,ashakya,cstuart
,1578,,,ES1118B0335,,ES1118B0340,,jjenkins,
1834,1579,00-Jan-00,"250 mL, replicate",ES0119B0003,250,ES0119B0008,250,ashakya,jrobinson
1835,1580,00-Jan-00,"250 mL, replicate",ES0119B0002,250,ES0119B0007,250,ashakya,
1836,1581,00-Jan-00,"250 mL, replicate",ES0119B0001,250,ES0119B0006,250,ashakya,
1837,1582,00-Jan-00,"250 mL, replicate",ES0119B0011,250,ES0119B0016,250,cstuart,ashakya
1838,1583,00-Jan-00,"250 mL, replicate",ES0119B0009,250,ES0119B0014,250,cstuart,ashakya
1839,1584,00-Jan-00,"250 mL, replicate",ES0119B0010,250,ES0119B0015,250,cstuart,ashakya
1840,1585,00-Jan-00,"250mL, replicate",,,,,,
1841,1586,00-Jan-00,"250 mL, replicate",,,,,,
1842,1587,00-Jan-00,"250 mL, replicate",,,,,,
1843,1588,00-Jan-00,"200 mL due to high turbidity, replicate",ES0219B0027,200,ES0219B0032,200,ashakya,
1844,1589,00-Jan-00,"150 mL due to hgh turbidity, replicate",ES0219B0025,150,ES0219B0030,150,ashakya,
1845,1590,00-Jan-00,"150 mL, replicate",ES0219B0026,150,ES0219B0031,150,ashakya,
1846,1591,00-Jan-00,,ES0219B0034,,ES0219B0039,,cstuart,
1847,1592,00-Jan-00,"200 mL, replicate",ES0219B0035,,ES0219B0040,,cstuart,
1848,1593,00-Jan-00,,ES0219B0033,,ES0219B0038,,cstuart,
1849,1594,00-Jan-00,250 mL,ES0219B0019,250,ES0219B0024,250,cstuart,ashakya
1850,1595,00-Jan-00,"250 mL, replicate. Chl took over 20 minutes to filter @ ~3psi",ES0219B0017,250,ES0219B0022,250,cstuart,ashakya
1851,1596,00-Jan-00,"200 mL, replicate. Took over 20 minutes to filter chl @ ~3 psi.",ES0219B0018,200,ES0219B0023,200,cstuart,ashakya
1788,1597,00-Jan-00,,ES1118B0335,,ES1118B0340,,cstuart,
1852,1598,00-Jan-00,500mL; replicate clogged at 350mL,ES0319B0049,,ES0319B0054,,ashakya,cstuart
1853,1599,00-Jan-00,500 mL,ES0319B0050,,ES0319B0055,,ashakya,cstuart
1854,1600,00-Jan-00,"Replicate, 500ml",ES0319B0051,500,ES0319B0056,500,ashakya,cstuart
1855,1601,00-Jan-00,"REPLICATE, 500ML",ES0319B0058,500,ES0319B0063,500,ashakya,cstuart
1856,1602,00-Jan-00,"REPLICATE, 500ML",ES0319B0057,500,ES0319B0062,500,ashakya,cstuart
1857,1603,00-Jan-00,"REPLICATE, 500ML",ES0319B0059,500,ES0319B0064,500,ashakya,cstuart
1858,1604,00-Jan-00,450ml,ES0419B0066,450,ES0419B0071,450,ashakya,cstuart
1859,1605,00-Jan-00,"replicate, 500 mL",ES0419B0065,500,ES0419B0070,500,ashakya,cstuart
1860,1606,00-Jan-00,500 mL,ES0419B0067,500,ES0419B0072,500,ashakya,cstuart
1861,1607,00-Jan-00,"Replicate, 500 mL",ES0419B0074,500,ES0419B0079,500,ashakya,cstuart
1862,1608,00-Jan-00,"replicate, 500 mL",ES0419B0073,500,ES0419B0078,500,ashakya,cstuart
1863,1609,00-Jan-00,"replicate, 500 mL",ES0419B0075,500,ES0419B0080,500,ashakya,cstuart
1864,1610,00-Jan-00,"replicate, 300 mL",ES0419B0081,300,ES0419B0086,300,cstuart,
1865,1611,00-Jan-00,"500mL, replicate",ES0419B0082,500,ES0419B0087,500,cstuart,
1866,1612,00-Jan-00,500 mL,ES0419B0083,500,ES0419B0088,500,cstuart,
1868,1613,00-Jan-00,"REPLICATE, 500ML",ES0419B0091,500,ES0419B0096,500,cstuart,
1875,1614,00-Jan-00,"replicate, 500 mL",,,,,,
1873,1615,00-Jan-00,"300 mL,replicate",,,,,,
1874,1616,00-Jan-00,"300mL,replicate",,,,,,
1872,1617,00-Jan-00,"replicate, 350 mL",ES0419B0089,350,ES0419B0094,350,cstuart,
1871,1618,00-Jan-00,"350 mL, replicate",ES0419B0090,350,ES0419B0095,350,cstuart,
1876,1619,00-Jan-00,300mL @ 0.35bar,ES0519B0105,300,ES0519B0110,300,acasby,cstuart
1877,1620,00-Jan-00,300mL @ 0.35bar,ES0519B0106,300,ES0519B0111,300,acasby,cstuart
1878,1621,00-Jan-00,500mL,ES0519B0107,500,ES0519B0112,500,acasby,cstuart
1879,1622,00-Jan-00,250 mL,ES0619B0113,250,ES0619B0118,250,acasby,cstuart
1880,1623,00-Jan-00,200mL,ES0619B0114,200,ES0619B0119,200,acasby,cstuart
1881,1624,00-Jan-00,500mL,ES0619B0115,500,ES0619B0120,500,acasby,cstuart
1882,1625,00-Jan-00,Replicate; 500mL,ES0719B0131,500,ES0719B0136,500,acasby,
1883,1626,00-Jan-00,Replicate; 500mL,ES0719B0129,500,ES0719B0134,500,acasby,cstuart
1884,1627,00-Jan-00,Replicate; 200mL; Condition Code 1,ES0719B0130,200,ES0719B0135,200,acasby,cstuart
1885,1628,00-Jan-00,Replicate; 400mL,ES0619B0121,400,ES0619B0126,400,acasby,cstuart
1886,1629,00-Jan-00,Replicate; 500mL,ES0619B0123,500,ES0619B0128,500,acasby,cstuart
1887,1630,00-Jan-00,Replicate; 200mL,ES0619B0122,200,ES0619B0127,200,acasby,cstuart
1888,1631,00-Jan-00,Replicate; 500mL; USGS Zoop150 for 10 minutes,ES0719B0137,500,ES0719B0142,500,acasby,cstuart
1889,1632,00-Jan-00,Replicate; 400mL,ES0719B0138,400,ES0719B0143,400,acasby,cstuart
1890,1633,00-Jan-00,,ES0719B0139,500,ES0719B0144,500,acasby,cstuart
1891,1634,00-Jan-00,500mL,ES0819B0245,500,,,cstuart,acasby
1892,1635,00-Jan-00,500mL; Duplicate,ES0819B0262,500,,,cstuart,acasby
1893,1636,00-Jan-00,500mL,ES0819B0243,500,,,cstuart,acasby
1894,1637,00-Jan-00,,,,,,,
1895,1638,00-Jan-00,300mL,ES0819B0247,300,,,cstuart,acasby
1896,1639,00-Jan-00,500mL,ES0819B0254,500,ES0819B0257,500,cstuart,acasby
1897,1640,00-Jan-00,500mL,ES0819B0242,500,,,cstuart,acasby
1898,1641,00-Jan-00,400mL,ES0819B0248,400,ES0819B0256,400,cstuart,acasby
1899,1642,00-Jan-00,,,,,,,
1900,1643,00-Jan-00,500mL,ES0819B0250,500,,,cstuart,acasby
1901,1644,00-Jan-00,500mL,ES0819B0249,500,ES0819B0255,500,cstuart,acasby
1902,1645,00-Jan-00,500mL; Duplicate,ES0819B0261,500,,,cstuart,acasby
1903,1646,00-Jan-00,500mL,ES0819B0253,500,,,cstuart,acasby
1904,1647,00-Jan-00,500mL,ES0819B0252,500,,,cstuart,acasby
1905,1648,00-Jan-00,500mL,ES0819B0251,500,,,cstuart,acasby
1906,1649,00-Jan-00,500mL; Duplicate,ES0819B0263,500,,,cstuart,acasby
1907,1650,00-Jan-00,500 mL: Replicate,ES0819B0333,500,ES0819B0336,500,cstuart,acasby
1908,1651,00-Jan-00,250 mL Replicate,ES0819B0327,250,,,cstuart,acasby
1909,1652,00-Jan-00,200 mL,ES0819B0326,200,,,cstuart,acasby
1910,1653,00-Jan-00,200 mL; Duplicate,ES0819B0341,200,,,cstuart,acasby
1911,1654,00-Jan-00,400mL,ES0819B0324,400,,,cstuart,acasby
1912,1655,00-Jan-00,,,,,,,
1913,1656,00-Jan-00,,,,,,,
1914,1657,00-Jan-00,400 mL,ES0819B0322,400,,,cstuart,acasby
1915,1658,00-Jan-00,300mL,ES0819B0321,300,,,cstuart,acasby
1916,1659,00-Jan-00,500mL,ES0819B0332,500,,,acasby,cstuart
1917,1660,00-Jan-00,500mL,ES0819B0331,500,,,acasby,cstuart
1918,1661,00-Jan-00,500mL,ES0819B0330,500,,,acasby,cstuart
1919,1662,00-Jan-00,500mL,ES0819B0329,500,,,acasby,cstuart
1920,1663,00-Jan-00,500mL; Replicate,ES0819B0328,500,ES0819B0334,500,acasby,cstuart
1921,1664,00-Jan-00,500mL; Duplicate,ES0819B0340,500,,,acasby,cstuart
1922,1665,00-Jan-00,400mL,ES0919B0344,400,,,acasby,cstuart
1923,1666,00-Jan-00,400mL,ES0919B0345,400,,,acasby,cstuart
1924,1667,00-Jan-00,,,,,,,
1925,1668,00-Jan-00,400mL,ES0919B0347,400,,,acasby,cstuart
1926,1669,00-Jan-00,,,,,,,
1927,1670,00-Jan-00,400mL,ES0919B0349,400,,,acasby,cstuart
1928,1671,00-Jan-00,400mL; Replicate,ES0919B0350,400,ES0919B0358,400,acasby,cstuart
1929,1672,00-Jan-00,500mL; Replicate,ES0919B0351,500,ES0919B0357,500,cstuart,acasby
1930,1673,00-Jan-00,500mL,ES0919B0352,500,,,cstuart,acasby
1931,1674,00-Jan-00,500mL,ES0919B0353,500,,,cstuart,acasby
1932,1675,00-Jan-00,500mL,ES0919B0354,500,,,cstuart,acasby
1933,1676,00-Jan-00,500mL,ES0919B0355,500,,,cstuart,acasby
1934,1677,00-Jan-00,500mL; Replicate,ES0919B0356,500,ES0919B0359,500,cstuart,acasby
1935,1678,00-Jan-00,500mL; Duplicate,ES0919B0364,500,,,acasby,cstuart
1936,1679,00-Jan-00,500mL; Duplicate,ES0919B0363,500,,,cstuart,acasby
1937,1680,00-Jan-00,500mL; Duplicate,ES0919B0365,500,,,cstuart,acasby
1938,1681,00-Jan-00,500mL; Duplicate,ES0919B0366,500,,,cstuart,acasby
1939,1682,00-Jan-00,400mL; Replicate,ES0919B0373,400,ES0919B0381,400,cstuart,acasby
1940,1683,00-Jan-00,500mL; Replicate,ES0919B0379,500,ES0919B0382,500,cstuart,acasby
1941,1684,00-Jan-00,400mL,ES0919B0372,400,,,cstuart,acasby
1942,1685,00-Jan-00,,,,,,,
1943,1686,00-Jan-00,500mL,ES0919B0368,500,,,cstuart,acasby
1944,1687,00-Jan-00,450mL; Duplicate,ES0919B0387,450,,,cstuart,acasby
1945,1688,00-Jan-00,400mL,ES0919B0370,400,,,cstuart,acasby
1946,1689,00-Jan-00,,,,,,,
1947,1690,00-Jan-00,500mL,ES0919B0367,500,,,cstuart,acasby
1948,1691,00-Jan-00,500mL,ES0919B0378,500,,,cstuart,acasby
1949,1692,00-Jan-00,500 mL; Replicate,ES0919B0374,500,ES0919B0380,500,cstuart,acasby
1950,1693,00-Jan-00,500mL; Duplicate,ES0919B0386,500,,,cstuart,acasby
1951,1694,00-Jan-00,500mL,ES0919B0377,500,,,cstuart,acasby
1952,1695,00-Jan-00,500mL,ES0919B0376,500,,,cstuart,acasby
1953,1696,00-Jan-00,500mL,ES0919B0375,500,,,cstuart,acasby
1954,1697,00-Jan-00,500mL; Duplicate,ES0919B0388,500,,,cstuart,acasby
1955,1698,00-Jan-00,500mL; Replicate,ES1019B0413,500,ES1019B0416,500,cstuart,acasby
1956,1699,00-Jan-00,,,,,,,
1957,1700,00-Jan-00,400mL,ES1019B0401,400,,,cstuart,acasby
1958,1701,00-Jan-00,300mL; Duplicate,ES1019B0421,300,,,cstuart,acasby
1959,1702,00-Jan-00,300mL,ES1019B0406,300,,,cstuart,acasby
1960,1703,00-Jan-00,400mL; Replicate,ES1019B0407,400,ES1019B0415,400,cstuart,acasby
1961,1704,00-Jan-00,400mL,ES1019B0402,400,,,cstuart,acasby
1962,1705,00-Jan-00,,,,,,,
1963,1706,00-Jan-00,400mL,ES1019B0404,400,,,cstuart,acasby
1964,1707,00-Jan-00,500mL,ES1019B0412,500,,,cstuart,acasby
1965,1708,00-Jan-00,500mL; Duplicate,ES1019B0422,500,,,cstuart,acasby
1966,1709,00-Jan-00,500mL,ES1019B0411,500,,,cstuart,acasby
1967,1710,00-Jan-00,500mL,ES1019B0410,500,,,cstuart,acasby
1968,1711,00-Jan-00,500mL,ES1019B0409,500,,,cstuart,acasby
1969,1712,00-Jan-00,500mL; Replicate,ES1019B0408,500,ES1019B0414,500,cstuart,acasby
1970,1713,00-Jan-00,500mL; Duplicate,ES1019B0420,500,,,cstuart,acasby
1971,1714,00-Jan-00,300mL,ES1019B0429,300,ES1019B0437,300,cstuart,acasby
1972,1715,00-Jan-00,500mL; Replicate,ES1019B0435,500,ES1019B0438,500,cstuart,acasby
1973,1716,00-Jan-00,400mL,ES1019B0426,400,,,cstuart,acasby
1974,1717,00-Jan-00,,,,,,,
1975,1718,00-Jan-00,400mL,ES1019B0424,400,,,cstuart,acasby
1976,1719,00-Jan-00,500mL,ES1010B0423,500,,,cstuart,acasby
1977,1720,00-Jan-00,,,,,,,
1978,1721,00-Jan-00,300mL,ES1019B0428,300,,,cstuart,acasby
1979,1722,00-Jan-00,300mL; Duplicate,ES1019B0443,300,,,cstuart,acasby
1980,1723,00-Jan-00,500mL; Replicate,ES1019B0430,500,ES1019B0436,500,cstuart,acasby
1981,1724,00-Jan-00,500mL; Duplicate,ES1019B0442,500,,,cstuart,acasby
1982,1725,00-Jan-00,500mL,ES1019B0431,500,,,cstuart,acasby
1983,1726,00-Jan-00,500mL,ES1019B0432,500,,,cstuart,acasby
1984,1727,00-Jan-00,500mL,ES1019B0433,500,,,cstuart,acasby
1985,1728,00-Jan-00,500mL,ES1019B0434,500,,,cstuart,acasby
1986,1729,00-Jan-00,500mL; Replicate; USGS 10 minute tow,ES1019B0461,500,ES1019B0466,500,cstuart,acasby
1987,1730,00-Jan-00,500mL; Replicate,ES1019B0459,500,ES1019B0464,500,cstuart,acasby
1988,1731,00-Jan-00,500mL; Replicate,ES1019B0460,500,ES1019B0465,500,cstuart,acasby
1989,1732,00-Jan-00,500mL; Replicate,ES1119B0468,500,ES1119B0473,500,cstuart,acasby
1990,1733,00-Jan-00,500mL; Replicate,ES1119B0469,500,ES1119B0474,500,cstuart,acasby
1993,1735,00-Jan-00,500mL; Replicate,ES1119B0467,500,ES1119B0472,500,cstuart,acasby
1994,1736,00-Jan-00,500mL; Replicate,,,,,,
1995,1737,00-Jan-00,300mL; Replicate,,,,,,
1996,1738,00-Jan-00,500mL; Replicate,,,,,,
1997,1739,00-Jan-00,300mL; Replicate,,,,,,
1998,1740,00-Jan-00,300mL; Replicate,,,,,,
1999,1741,00-Jan-00,400mL; Replicate,,,,,,
2001,1742,00-Jan-00,400mL; Replicate,,,,,,
2002,1743,00-Jan-00,500mL; Replicate,,,,,,
2003,1744,00-Jan-00,500mL; Replicate,,,,,,
2005,1746,00-Jan-00,500mL; Replicate,,,,,,
2006,1747,00-Jan-00,500mL; Replicate,,,,,,
2007,1748,00-Jan-00,500mL; Replicate,,,,,,
2008,1749,00-Jan-00,300mL; Replicate,,,,,,
2009,1750,00-Jan-00,500mL; Replicate,,,,,,
2010,1751,00-Jan-00,500mL: Replicate,,,,,,
